,date_exported,filename,index,operator,pathname,source,year
0,2012.10.12,GTFSTransitData_3D_2012.10.12.zip,1.0,3D,2012/GTFSTransitData_3D_2012.10.12.zip,mtc,2012
1,2011.05.11,GTFSTransitData_AB_2011.05.11.zip,2.0,AB,2012/GTFSTransitData_AB_2011.05.11.zip,mtc,2012
2,2012.11.06,GTFSTransitData_AC_2012.11.06.zip,3.0,AC,2012/GTFSTransitData_AC_2012.11.06.zip,mtc,2012
3,2012.11.06,GTFSTransitData_AD_2012.11.06.zip,4.0,AD,2012/GTFSTransitData_AD_2012.11.06.zip,mtc,2012
4,2012.08.12,GTFSTransitData_AM_2012.08.12.zip,5.0,AM,2012/GTFSTransitData_AM_2012.08.12.zip,mtc,2012
5,2012.10.29,GTFSTransitData_AT_2012.10.29.zip,6.0,AT,2012/GTFSTransitData_AT_2012.10.29.zip,mtc,2012
6,2012.02.28,GTFSTransitData_AY_2012.02.28.zip,7.0,AY,2012/GTFSTransitData_AY_2012.02.28.zip,mtc,2012
7,2012.09.10,GTFSTransitData_BA_2012.09.10.zip,8.0,BA,2012/GTFSTransitData_BA_2012.09.10.zip,mtc,2012
8,2012.10.29,GTFSTransitData_BG_2012.10.29.zip,9.0,BG,2012/GTFSTransitData_BG_2012.10.29.zip,mtc,2012
9,2012.08.19,GTFSTransitData_CC_2012.08.19.zip,10.0,CC,2012/GTFSTransitData_CC_2012.08.19.zip,mtc,2012
10,2012.10.06,GTFSTransitData_CE_2012.10.06.zip,11.0,CE,2012/GTFSTransitData_CE_2012.10.06.zip,mtc,2012
11,2012.10.02,GTFSTransitData_CT_2012.10.02.zip,12.0,CT,2012/GTFSTransitData_CT_2012.10.02.zip,mtc,2012
12,2012.10.31,GTFSTransitData_DE_2012.10.31.zip,13.0,DE,2012/GTFSTransitData_DE_2012.10.31.zip,mtc,2012
13,2011.08.26,GTFSTransitData_EM_2011.08.26.zip,14.0,EM,2012/GTFSTransitData_EM_2011.08.26.zip,mtc,2012
14,2012.08.03,GTFSTransitData_FS_2012.08.03.zip,15.0,FS,2012/GTFSTransitData_FS_2012.08.03.zip,mtc,2012
15,2012.10.02,GTFSTransitData_GF_2012.10.02.zip,16.0,GF,2012/GTFSTransitData_GF_2012.10.02.zip,mtc,2012
16,2012.11.06,GTFSTransitData_GG_2012.11.06.zip,17.0,GG,2012/GTFSTransitData_GG_2012.11.06.zip,mtc,2012
17,2012.11.06,GTFSTransitData_MA_2012.11.06.zip,18.0,MA,2012/GTFSTransitData_MA_2012.11.06.zip,mtc,2012
18,2012.10.06,GTFSTransitData_MS_2012.10.06.zip,19.0,MS,2012/GTFSTransitData_MS_2012.10.06.zip,mtc,2012
19,2012.10.12,GTFSTransitData_PE_2012.10.12.zip,20.0,PE,2012/GTFSTransitData_PE_2012.10.12.zip,mtc,2012
20,2012.08.11,GTFSTransitData_RV_2012.08.11.zip,21.0,RV,2012/GTFSTransitData_RV_2012.08.11.zip,mtc,2012
21,2012.11.06,GTFSTransitData_SB_2012.11.06.zip,22.0,SB,2012/GTFSTransitData_SB_2012.11.06.zip,mtc,2012
22,2012.11.06,GTFSTransitData_SC_2012.11.06.zip,23.0,SC,2012/GTFSTransitData_SC_2012.11.06.zip,mtc,2012
23,2012.10.06,GTFSTransitData_SF_2012.10.06.zip,24.0,SF,2012/GTFSTransitData_SF_2012.10.06.zip,mtc,2012
24,2012.11.05,GTFSTransitData_SM_2012.11.05.zip,25.0,SM,2012/GTFSTransitData_SM_2012.11.05.zip,mtc,2012
25,2012.06.09,GTFSTransitData_SO_2012.06.09.zip,26.0,SO,2012/GTFSTransitData_SO_2012.06.09.zip,mtc,2012
26,2012.06.15,GTFSTransitData_SR_2012.06.15.zip,27.0,SR,2012/GTFSTransitData_SR_2012.06.15.zip,mtc,2012
27,2012.03.30,GTFSTransitData_SV_2012.03.30.zip,28.0,SV,2012/GTFSTransitData_SV_2012.03.30.zip,mtc,2012
28,2012.03.30,GTFSTransitData_UC_2012.03.30.zip,29.0,UC,2012/GTFSTransitData_UC_2012.03.30.zip,mtc,2012
29,2012.08.03,GTFSTransitData_VC_2012.08.03.zip,30.0,VC,2012/GTFSTransitData_VC_2012.08.03.zip,mtc,2012
30,2012.08.11,GTFSTransitData_VN_2012.08.11.zip,31.0,VN,2012/GTFSTransitData_VN_2012.08.11.zip,mtc,2012
31,2012.10.12,GTFSTransitData_WC_2012.10.12.zip,32.0,WC,2012/GTFSTransitData_WC_2012.10.12.zip,mtc,2012
32,2012.11.03,GTFSTransitData_WH_2012.11.03.zip,33.0,WH,2012/GTFSTransitData_WH_2012.11.03.zip,mtc,2012
33,2012.03.06,GTFSTransitData_YV_2012.03.06.zip,34.0,YV,2012/GTFSTransitData_YV_2012.03.06.zip,mtc,2012
34,2012.11.16,GTFSTransitData_3D_2012.11.16.zip,68.0,3D,2013/GTFSTransitData_3D_2012.11.16.zip,mtc,2013
35,2012.12.06,GTFSTransitData_AB_2012.12.06.zip,69.0,AB,2013/GTFSTransitData_AB_2012.12.06.zip,mtc,2013
36,2013.01.22,GTFSTransitData_AC_2013.01.22.zip,70.0,AC,2013/GTFSTransitData_AC_2013.01.22.zip,mtc,2013
37,2013.01.22,GTFSTransitData_AD_2013.01.22.zip,71.0,AD,2013/GTFSTransitData_AD_2013.01.22.zip,mtc,2013
38,2013.01.14,GTFSTransitData_AM_2013.01.14.zip,72.0,AM,2013/GTFSTransitData_AM_2013.01.14.zip,mtc,2013
39,2012.10.29,GTFSTransitData_AT_2012.10.29.zip,73.0,AT,2013/GTFSTransitData_AT_2012.10.29.zip,mtc,2013
40,2012.12.03,GTFSTransitData_AY_2012.12.03.zip,74.0,AY,2013/GTFSTransitData_AY_2012.12.03.zip,mtc,2013
41,2012.09.10,GTFSTransitData_BA_2012.09.10.zip,75.0,BA,2013/GTFSTransitData_BA_2012.09.10.zip,mtc,2013
42,2012.10.29,GTFSTransitData_BG_2012.10.29.zip,76.0,BG,2013/GTFSTransitData_BG_2012.10.29.zip,mtc,2013
43,2012.12.23,GTFSTransitData_CC_2012.12.23.zip,77.0,CC,2013/GTFSTransitData_CC_2012.12.23.zip,mtc,2013
44,2012.10.06,GTFSTransitData_CE_2012.10.06.zip,78.0,CE,2013/GTFSTransitData_CE_2012.10.06.zip,mtc,2013
45,2013.01.05,GTFSTransitData_CT_2013.01.05.zip,79.0,CT,2013/GTFSTransitData_CT_2013.01.05.zip,mtc,2013
46,2012.12.16,GTFSTransitData_DE_2012.12.16.zip,80.0,DE,2013/GTFSTransitData_DE_2012.12.16.zip,mtc,2013
47,2013.01.01,GTFSTransitData_EM_2013.01.01.zip,81.0,EM,2013/GTFSTransitData_EM_2013.01.01.zip,mtc,2013
48,2012.12.16,GTFSTransitData_FS_2012.12.16.zip,82.0,FS,2013/GTFSTransitData_FS_2012.12.16.zip,mtc,2013
49,2012.12.10,GTFSTransitData_GF_2012.12.10.zip,83.0,GF,2013/GTFSTransitData_GF_2012.12.10.zip,mtc,2013
50,2012.12.09,GTFSTransitData_GG_2012.12.09.zip,84.0,GG,2013/GTFSTransitData_GG_2012.12.09.zip,mtc,2013
51,2013.01.22,GTFSTransitData_MA_2013.01.22.zip,85.0,MA,2013/GTFSTransitData_MA_2013.01.22.zip,mtc,2013
52,2013.01.07,GTFSTransitData_MS_2013.01.07.zip,86.0,MS,2013/GTFSTransitData_MS_2013.01.07.zip,mtc,2013
53,2012.10.12,GTFSTransitData_PE_2012.10.12.zip,87.0,PE,2013/GTFSTransitData_PE_2012.10.12.zip,mtc,2013
54,2012.08.11,GTFSTransitData_RV_2012.08.11.zip,88.0,RV,2013/GTFSTransitData_RV_2012.08.11.zip,mtc,2013
55,2013.01.22,GTFSTransitData_SC_2013.01.22.zip,89.0,SC,2013/GTFSTransitData_SC_2013.01.22.zip,mtc,2013
56,2013.01.13,GTFSTransitData_SM_2013.01.13.zip,90.0,SM,2013/GTFSTransitData_SM_2013.01.13.zip,mtc,2013
57,2012.06.09,GTFSTransitData_SO_2012.06.09.zip,91.0,SO,2013/GTFSTransitData_SO_2012.06.09.zip,mtc,2013
58,2012.11.26,GTFSTransitData_SR_2012.11.26.zip,92.0,SR,2013/GTFSTransitData_SR_2012.11.26.zip,mtc,2013
59,2012.12.03,GTFSTransitData_SV_2012.12.03.zip,93.0,SV,2013/GTFSTransitData_SV_2012.12.03.zip,mtc,2013
60,2012.03.30,GTFSTransitData_UC_2012.03.30.zip,94.0,UC,2013/GTFSTransitData_UC_2012.03.30.zip,mtc,2013
61,2012.08.03,GTFSTransitData_VC_2012.08.03.zip,95.0,VC,2013/GTFSTransitData_VC_2012.08.03.zip,mtc,2013
62,2012.12.15,GTFSTransitData_VN_2012.12.15.zip,96.0,VN,2013/GTFSTransitData_VN_2012.12.15.zip,mtc,2013
63,2012.10.12,GTFSTransitData_WC_2012.10.12.zip,97.0,WC,2013/GTFSTransitData_WC_2012.10.12.zip,mtc,2013
64,2012.11.03,GTFSTransitData_WH_2012.11.03.zip,98.0,WH,2013/GTFSTransitData_WH_2012.11.03.zip,mtc,2013
65,2012.03.06,GTFSTransitData_YV_2012.03.06.zip,99.0,YV,2013/GTFSTransitData_YV_2012.03.06.zip,mtc,2013
66,2015.08.11,GTFSTransitData_SF_2015.08.11.zip,170.0,SF,2015/GTFSTransitData_SF_2015.08.11.zip,mtc,2015
67,2016.07.06,GTFSTransitData_3D.zip,206.0,3D,2016/GTFSTransitData_3D.zip,mtc,2016
68,2016.07.06,GTFSTransitData_AC.zip,207.0,AC,2016/GTFSTransitData_AC.zip,mtc,2016
69,2016.07.06,GTFSTransitData_AM.zip,208.0,AM,2016/GTFSTransitData_AM.zip,mtc,2016
70,2016.07.06,GTFSTransitData_AT.zip,209.0,AT,2016/GTFSTransitData_AT.zip,mtc,2016
71,2016.07.06,GTFSTransitData_AY.zip,210.0,AY,2016/GTFSTransitData_AY.zip,mtc,2016
72,2016.07.06,GTFSTransitData_BA.zip,211.0,BA,2016/GTFSTransitData_BA.zip,mtc,2016
73,2016.07.06,GTFSTransitData_BG.zip,212.0,BG,2016/GTFSTransitData_BG.zip,mtc,2016
74,2016.07.06,GTFSTransitData_CC.zip,213.0,CC,2016/GTFSTransitData_CC.zip,mtc,2016
75,2016.07.06,GTFSTransitData_CE.zip,214.0,CE,2016/GTFSTransitData_CE.zip,mtc,2016
76,2016.07.06,GTFSTransitData_CT.zip,215.0,CT,2016/GTFSTransitData_CT.zip,mtc,2016
77,2016.07.06,GTFSTransitData_DE.zip,216.0,DE,2016/GTFSTransitData_DE.zip,mtc,2016
78,2016.07.06,GTFSTransitData_EM.zip,217.0,EM,2016/GTFSTransitData_EM.zip,mtc,2016
79,2016.07.06,GTFSTransitData_FS.zip,218.0,FS,2016/GTFSTransitData_FS.zip,mtc,2016
80,2016.07.06,GTFSTransitData_GF.zip,219.0,GF,2016/GTFSTransitData_GF.zip,mtc,2016
81,2016.07.06,GTFSTransitData_GG.zip,220.0,GG,2016/GTFSTransitData_GG.zip,mtc,2016
82,2016.07.06,GTFSTransitData_HF.zip,221.0,HF,2016/GTFSTransitData_HF.zip,mtc,2016
83,2016.07.06,GTFSTransitData_MA.zip,222.0,MA,2016/GTFSTransitData_MA.zip,mtc,2016
84,2016.07.06,GTFSTransitData_MS.zip,223.0,MS,2016/GTFSTransitData_MS.zip,mtc,2016
85,2016.07.06,GTFSTransitData_PE.zip,224.0,PE,2016/GTFSTransitData_PE.zip,mtc,2016
86,2016.07.06,GTFSTransitData_RV.zip,225.0,RV,2016/GTFSTransitData_RV.zip,mtc,2016
87,2016.07.06,GTFSTransitData_SB.zip,226.0,SB,2016/GTFSTransitData_SB.zip,mtc,2016
88,2016.07.06,GTFSTransitData_SC.zip,227.0,SC,2016/GTFSTransitData_SC.zip,mtc,2016
89,2016.07.06,GTFSTransitData_SF.zip,228.0,SF,2016/GTFSTransitData_SF.zip,mtc,2016
90,2016.07.06,GTFSTransitData_SM.zip,229.0,SM,2016/GTFSTransitData_SM.zip,mtc,2016
91,2016.07.06,GTFSTransitData_SO.zip,230.0,SO,2016/GTFSTransitData_SO.zip,mtc,2016
92,2016.07.06,GTFSTransitData_SR.zip,231.0,SR,2016/GTFSTransitData_SR.zip,mtc,2016
93,2016.07.06,GTFSTransitData_ST.zip,232.0,ST,2016/GTFSTransitData_ST.zip,mtc,2016
94,2016.07.06,GTFSTransitData_UC.zip,233.0,UC,2016/GTFSTransitData_UC.zip,mtc,2016
95,2016.07.06,GTFSTransitData_VC.zip,234.0,VC,2016/GTFSTransitData_VC.zip,mtc,2016
96,2016.07.06,GTFSTransitData_VN.zip,235.0,VN,2016/GTFSTransitData_VN.zip,mtc,2016
97,2016.07.06,GTFSTransitData_WC.zip,236.0,WC,2016/GTFSTransitData_WC.zip,mtc,2016
98,2016.07.06,GTFSTransitData_WH.zip,237.0,WH,2016/GTFSTransitData_WH.zip,mtc,2016
99,2017.07.17,3D.zip,272.0,3D,2017/3D.zip,mtc,2017
100,2017.07.17,AC.zip,273.0,AC,2017/AC.zip,mtc,2017
101,2017.07.17,AM.zip,274.0,AM,2017/AM.zip,mtc,2017
102,2017.07.17,AT.zip,275.0,AT,2017/AT.zip,mtc,2017
103,2017.07.17,AY.zip,276.0,AY,2017/AY.zip,mtc,2017
104,2017.07.17,BA.zip,277.0,BA,2017/BA.zip,mtc,2017
105,2017.07.17,BG.zip,278.0,BG,2017/BG.zip,mtc,2017
106,2017.07.17,CC.zip,279.0,CC,2017/CC.zip,mtc,2017
107,2017.07.17,CE.zip,280.0,CE,2017/CE.zip,mtc,2017
108,2017.07.17,CM.zip,281.0,CM,2017/CM.zip,mtc,2017
109,2017.07.17,CT.zip,282.0,CT,2017/CT.zip,mtc,2017
110,2017.07.17,DE.zip,283.0,DE,2017/DE.zip,mtc,2017
111,2017.07.17,EM.zip,284.0,EM,2017/EM.zip,mtc,2017
112,2017.07.17,FS.zip,285.0,FS,2017/FS.zip,mtc,2017
113,2017.07.17,GF.zip,286.0,GF,2017/GF.zip,mtc,2017
114,2017.07.17,GG.zip,287.0,GG,2017/GG.zip,mtc,2017
115,2017.07.17,HF.zip,289.0,HF,2017/HF.zip,mtc,2017
116,2017.07.17,MA.zip,290.0,MA,2017/MA.zip,mtc,2017
117,2017.07.17,MS.zip,291.0,MS,2017/MS.zip,mtc,2017
118,2017.07.17,PE.zip,292.0,PE,2017/PE.zip,mtc,2017
119,2017.07.17,RV.zip,293.0,RV,2017/RV.zip,mtc,2017
120,2017.07.17,SA.zip,294.0,SA,2017/SA.zip,mtc,2017
121,2017.07.17,SB.zip,295.0,SB,2017/SB.zip,mtc,2017
122,2017.07.17,SC.zip,296.0,SC,2017/SC.zip,mtc,2017
123,2017.07.17,SF.zip,297.0,SF,2017/SF.zip,mtc,2017
124,2017.07.17,SM.zip,298.0,SM,2017/SM.zip,mtc,2017
125,2017.07.17,SO.zip,299.0,SO,2017/SO.zip,mtc,2017
126,2017.07.17,SR.zip,300.0,SR,2017/SR.zip,mtc,2017
127,2017.07.17,ST.zip,301.0,ST,2017/ST.zip,mtc,2017
128,2017.07.17,UC.zip,302.0,UC,2017/UC.zip,mtc,2017
129,2017.07.17,VC.zip,303.0,VC,2017/VC.zip,mtc,2017
130,2017.07.17,VN.zip,304.0,VN,2017/VN.zip,mtc,2017
131,2017.07.17,WC.zip,305.0,WC,2017/WC.zip,mtc,2017
132,2017.07.17,WH.zip,306.0,WH,2017/WH.zip,mtc,2017
0,2015.02.18,ac-transit_20150218_1708.zip,,AC,http://gtfs.s3.amazonaws.com/ac-transit_20150218_1708.zip,gtfs_data_exchange,2015
1,2013.06.25,ac-transit_20130625_0854.zip,,AC,http://gtfs.s3.amazonaws.com/ac-transit_20130625_0854.zip,gtfs_data_exchange,2013
2,2013.04.23,ac-transit_20130424_0631.zip,,AC,http://gtfs.s3.amazonaws.com/ac-transit_20130424_0631.zip,gtfs_data_exchange,2013
3,2011.08.05,ac-transit_20110805_2340.zip,,AC,http://gtfs.s3.amazonaws.com/ac-transit_20110805_2340.zip,gtfs_data_exchange,2011
4,2016.04.03,bay-area-rapid-transit_20160404_0231.zip,,BA,http://gtfs.s3.amazonaws.com/bay-area-rapid-transit_20160404_0231.zip,gtfs_data_exchange,2016
5,2016.01.21,bay-area-rapid-transit_20160122_0103.zip,,BA,http://gtfs.s3.amazonaws.com/bay-area-rapid-transit_20160122_0103.zip,gtfs_data_exchange,2016
6,2015.12.17,bay-area-rapid-transit_20151217_1022.zip,,BA,http://gtfs.s3.amazonaws.com/bay-area-rapid-transit_20151217_1022.zip,gtfs_data_exchange,2015
7,2015.12.16,bay-area-rapid-transit_20151216_1425.zip,,BA,http://gtfs.s3.amazonaws.com/bay-area-rapid-transit_20151216_1425.zip,gtfs_data_exchange,2015
8,2015.09.30,bay-area-rapid-transit_20150930_1457.zip,,BA,http://gtfs.s3.amazonaws.com/bay-area-rapid-transit_20150930_1457.zip,gtfs_data_exchange,2015
9,2015.08.03,bay-area-rapid-transit_20150804_0108.zip,,BA,http://gtfs.s3.amazonaws.com/bay-area-rapid-transit_20150804_0108.zip,gtfs_data_exchange,2015
10,2015.06.25,bay-area-rapid-transit_20150626_0223.zip,,BA,http://gtfs.s3.amazonaws.com/bay-area-rapid-transit_20150626_0223.zip,gtfs_data_exchange,2015
11,2015.01.24,bay-area-rapid-transit_20150125_0129.zip,,BA,http://gtfs.s3.amazonaws.com/bay-area-rapid-transit_20150125_0129.zip,gtfs_data_exchange,2015
12,2015.01.15,bay-area-rapid-transit_20150116_0129.zip,,BA,http://gtfs.s3.amazonaws.com/bay-area-rapid-transit_20150116_0129.zip,gtfs_data_exchange,2015
13,2014.12.01,bay-area-rapid-transit_20141201_1816.zip,,BA,http://gtfs.s3.amazonaws.com/bay-area-rapid-transit_20141201_1816.zip,gtfs_data_exchange,2014
14,2014.01.08,bart-archiver_20140109_0110.zip,,BA,http://gtfs.s3.amazonaws.com/bart-archiver_20140109_0110.zip,gtfs_data_exchange,2014
15,2013.12.04,bart-archiver_20131205_0109.zip,,BA,http://gtfs.s3.amazonaws.com/bart-archiver_20131205_0109.zip,gtfs_data_exchange,2013
16,2013.08.30,bart-archiver_20130830_1519.zip,,BA,http://gtfs.s3.amazonaws.com/bart-archiver_20130830_1519.zip,gtfs_data_exchange,2013
17,2012.10.01,bart-archiver_20121002_0315.zip,,BA,http://gtfs.s3.amazonaws.com/bart-archiver_20121002_0315.zip,gtfs_data_exchange,2012
18,2012.08.19,bart-archiver_20120820_0458.zip,,BA,http://gtfs.s3.amazonaws.com/bart-archiver_20120820_0458.zip,gtfs_data_exchange,2012
19,2012.07.04,bart-archiver_20120705_0313.zip,,BA,http://gtfs.s3.amazonaws.com/bart-archiver_20120705_0313.zip,gtfs_data_exchange,2012
20,2012.06.07,bart-archiver_20120608_0309.zip,,BA,http://gtfs.s3.amazonaws.com/bart-archiver_20120608_0309.zip,gtfs_data_exchange,2012
21,2012.02.09,bart-archiver_20120210_0412.zip,,BA,http://gtfs.s3.amazonaws.com/bart-archiver_20120210_0412.zip,gtfs_data_exchange,2012
22,2011.12.09,bart-archiver_20111210_0405.zip,,BA,http://gtfs.s3.amazonaws.com/bart-archiver_20111210_0405.zip,gtfs_data_exchange,2011
23,2011.10.27,bart-archiver_20111028_0324.zip,,BA,http://gtfs.s3.amazonaws.com/bart-archiver_20111028_0324.zip,gtfs_data_exchange,2011
24,2011.09.08,bart-archiver_20110909_0255.zip,,BA,http://gtfs.s3.amazonaws.com/bart-archiver_20110909_0255.zip,gtfs_data_exchange,2011
25,2011.02.28,bart-archiver_20110301_0336.zip,,BA,http://gtfs.s3.amazonaws.com/bart-archiver_20110301_0336.zip,gtfs_data_exchange,2011
26,2011.01.20,bart-archiver_20110120_0841.zip,,BA,http://gtfs.s3.amazonaws.com/bart-archiver_20110120_0841.zip,gtfs_data_exchange,2011
27,2010.11.12,bart-archiver_20101112_0839.zip,,BA,http://gtfs.s3.amazonaws.com/bart-archiver_20101112_0839.zip,gtfs_data_exchange,2010
28,2010.09.30,bart-archiver_20100930_0742.zip,,BA,http://gtfs.s3.amazonaws.com/bart-archiver_20100930_0742.zip,gtfs_data_exchange,2010
29,2010.08.20,bart-archiver_20100821_0224.zip,,BA,http://gtfs.s3.amazonaws.com/bart-archiver_20100821_0224.zip,gtfs_data_exchange,2010
30,2010.08.19,bart-archiver_20100820_0213.zip,,BA,http://gtfs.s3.amazonaws.com/bart-archiver_20100820_0213.zip,gtfs_data_exchange,2010
31,2009.10.05,bart-archiver_20091006_0210.zip,,BA,http://gtfs.s3.amazonaws.com/bart-archiver_20091006_0210.zip,gtfs_data_exchange,2009
32,2009.08.25,bart-archiver_20090826_0242.zip,,BA,http://gtfs.s3.amazonaws.com/bart-archiver_20090826_0242.zip,gtfs_data_exchange,2009
33,2009.08.19,bart-archiver_20090820_0252.zip,,BA,http://gtfs.s3.amazonaws.com/bart-archiver_20090820_0252.zip,gtfs_data_exchange,2009
34,2009.07.27,bart-archiver_20090728_0211.zip,,BA,http://gtfs.s3.amazonaws.com/bart-archiver_20090728_0211.zip,gtfs_data_exchange,2009
35,2009.07.08,bart-archiver_20090709_0208.zip,,BA,http://gtfs.s3.amazonaws.com/bart-archiver_20090709_0208.zip,gtfs_data_exchange,2009
36,2009.06.30,bart-archiver_20090701_0208.zip,,BA,http://gtfs.s3.amazonaws.com/bart-archiver_20090701_0208.zip,gtfs_data_exchange,2009
37,2009.06.08,bart-archiver_20090609_0208.zip,,BA,http://gtfs.s3.amazonaws.com/bart-archiver_20090609_0208.zip,gtfs_data_exchange,2009
38,2009.03.06,gtfs-archiver_20090307_0625.zip,,BA,http://gtfs.s3.amazonaws.com/gtfs-archiver_20090307_0625.zip,gtfs_data_exchange,2009
39,2008.10.29,gtfs-archiver_20081029_1549.zip,,BA,http://gtfs.s3.amazonaws.com/gtfs-archiver_20081029_1549.zip,gtfs_data_exchange,2008
40,2013.07.01,sfbay-ferries-ca-us-archiver_20130702_0206.zip,,BG,http://gtfs.s3.amazonaws.com/sfbay-ferries-ca-us-archiver_20130702_0206.zip,gtfs_data_exchange,2013
41,2013.01.08,sfbay-ferries-ca-us-archiver_20130109_0407.zip,,BG,http://gtfs.s3.amazonaws.com/sfbay-ferries-ca-us-archiver_20130109_0407.zip,gtfs_data_exchange,2013
42,2013.01.02,sfbay-ferries-ca-us-archiver_20130103_0407.zip,,BG,http://gtfs.s3.amazonaws.com/sfbay-ferries-ca-us-archiver_20130103_0407.zip,gtfs_data_exchange,2013
43,2012.12.15,sfbay-ferries-ca-us-archiver_20121216_0437.zip,,BG,http://gtfs.s3.amazonaws.com/sfbay-ferries-ca-us-archiver_20121216_0437.zip,gtfs_data_exchange,2012
44,2012.11.28,sfbay-ferries-ca-us-archiver_20121129_0413.zip,,BG,http://gtfs.s3.amazonaws.com/sfbay-ferries-ca-us-archiver_20121129_0413.zip,gtfs_data_exchange,2012
45,2012.11.06,sfbay-ferries-ca-us-archiver_20121107_0423.zip,,BG,http://gtfs.s3.amazonaws.com/sfbay-ferries-ca-us-archiver_20121107_0423.zip,gtfs_data_exchange,2012
46,2012.10.31,sfbay-ferries-ca-us-archiver_20121101_0403.zip,,BG,http://gtfs.s3.amazonaws.com/sfbay-ferries-ca-us-archiver_20121101_0403.zip,gtfs_data_exchange,2012
47,2012.09.29,sfbay-ferries-ca-us-archiver_20120930_0328.zip,,BG,http://gtfs.s3.amazonaws.com/sfbay-ferries-ca-us-archiver_20120930_0328.zip,gtfs_data_exchange,2012
48,2012.09.27,sfbay-ferries-ca-us-archiver_20120928_0325.zip,,BG,http://gtfs.s3.amazonaws.com/sfbay-ferries-ca-us-archiver_20120928_0325.zip,gtfs_data_exchange,2012
49,2012.08.19,sfbay-ferries-ca-us-archiver_20120820_0333.zip,,BG,http://gtfs.s3.amazonaws.com/sfbay-ferries-ca-us-archiver_20120820_0333.zip,gtfs_data_exchange,2012
50,2012.08.19,sfbay-ferries-ca-us-archiver_20120820_0305.zip,,BG,http://gtfs.s3.amazonaws.com/sfbay-ferries-ca-us-archiver_20120820_0305.zip,gtfs_data_exchange,2012
51,2012.02.19,sfbay-ferries-ca-us-archiver_20120220_0405.zip,,BG,http://gtfs.s3.amazonaws.com/sfbay-ferries-ca-us-archiver_20120220_0405.zip,gtfs_data_exchange,2012
52,2012.01.03,sfbay-ferries-ca-us-archiver_20120104_0140.zip,,BG,http://gtfs.s3.amazonaws.com/sfbay-ferries-ca-us-archiver_20120104_0140.zip,gtfs_data_exchange,2012
53,2011.11.24,sfbay-ferries-ca-us-archiver_20111125_0402.zip,,BG,http://gtfs.s3.amazonaws.com/sfbay-ferries-ca-us-archiver_20111125_0402.zip,gtfs_data_exchange,2011
54,2011.02.04,sfbay-ferries-archiver_20110204_0845.zip,,BG,http://gtfs.s3.amazonaws.com/sfbay-ferries-archiver_20110204_0845.zip,gtfs_data_exchange,2011
55,2011.02.04,sfbay-ferries-archiver_20110204_0845.zip,,BG,http://gtfs.s3.amazonaws.com/sfbay-ferries-archiver_20110204_0845.zip,gtfs_data_exchange,2011
56,2011.01.25,sfbay-ferries-archiver_20110125_0841.zip,,BG,http://gtfs.s3.amazonaws.com/sfbay-ferries-archiver_20110125_0841.zip,gtfs_data_exchange,2011
57,2011.01.25,sfbay-ferries-archiver_20110125_0841.zip,,BG,http://gtfs.s3.amazonaws.com/sfbay-ferries-archiver_20110125_0841.zip,gtfs_data_exchange,2011
58,2011.01.19,sfbay-ferries-archiver_20110119_0840.zip,,BG,http://gtfs.s3.amazonaws.com/sfbay-ferries-archiver_20110119_0840.zip,gtfs_data_exchange,2011
59,2011.01.19,sfbay-ferries-archiver_20110119_0840.zip,,BG,http://gtfs.s3.amazonaws.com/sfbay-ferries-archiver_20110119_0840.zip,gtfs_data_exchange,2011
60,2010.12.31,sfbay-ferries-archiver_20101231_0842.zip,,BG,http://gtfs.s3.amazonaws.com/sfbay-ferries-archiver_20101231_0842.zip,gtfs_data_exchange,2010
61,2010.12.31,sfbay-ferries-archiver_20101231_0842.zip,,BG,http://gtfs.s3.amazonaws.com/sfbay-ferries-archiver_20101231_0842.zip,gtfs_data_exchange,2010
62,2010.11.23,sfbay-ferries-archiver_20101123_0842.zip,,BG,http://gtfs.s3.amazonaws.com/sfbay-ferries-archiver_20101123_0842.zip,gtfs_data_exchange,2010
63,2010.11.23,sfbay-ferries-archiver_20101123_0842.zip,,BG,http://gtfs.s3.amazonaws.com/sfbay-ferries-archiver_20101123_0842.zip,gtfs_data_exchange,2010
64,2010.11.02,sfbay-ferries-archiver_20101102_0746.zip,,BG,http://gtfs.s3.amazonaws.com/sfbay-ferries-archiver_20101102_0746.zip,gtfs_data_exchange,2010
65,2010.11.02,sfbay-ferries-archiver_20101102_0746.zip,,BG,http://gtfs.s3.amazonaws.com/sfbay-ferries-archiver_20101102_0746.zip,gtfs_data_exchange,2010
66,2010.08.13,sfbay-ferries-archiver_20100814_0220.zip,,BG,http://gtfs.s3.amazonaws.com/sfbay-ferries-archiver_20100814_0220.zip,gtfs_data_exchange,2010
67,2010.08.13,sfbay-ferries-archiver_20100814_0220.zip,,BG,http://gtfs.s3.amazonaws.com/sfbay-ferries-archiver_20100814_0220.zip,gtfs_data_exchange,2010
68,2010.08.02,sfbay-ferries-archiver_20100803_0215.zip,,BG,http://gtfs.s3.amazonaws.com/sfbay-ferries-archiver_20100803_0215.zip,gtfs_data_exchange,2010
69,2010.08.02,sfbay-ferries-archiver_20100803_0215.zip,,BG,http://gtfs.s3.amazonaws.com/sfbay-ferries-archiver_20100803_0215.zip,gtfs_data_exchange,2010
70,2010.06.21,sfbay-ferries-archiver_20100622_0215.zip,,BG,http://gtfs.s3.amazonaws.com/sfbay-ferries-archiver_20100622_0215.zip,gtfs_data_exchange,2010
71,2010.06.21,sfbay-ferries-archiver_20100622_0215.zip,,BG,http://gtfs.s3.amazonaws.com/sfbay-ferries-archiver_20100622_0215.zip,gtfs_data_exchange,2010
72,2010.04.27,sfbay-ferries-archiver_20100428_0210.zip,,BG,http://gtfs.s3.amazonaws.com/sfbay-ferries-archiver_20100428_0210.zip,gtfs_data_exchange,2010
73,2010.04.27,sfbay-ferries-archiver_20100428_0210.zip,,BG,http://gtfs.s3.amazonaws.com/sfbay-ferries-archiver_20100428_0210.zip,gtfs_data_exchange,2010
74,2010.01.26,sfbay-ferries-archiver_20100127_0320.zip,,BG,http://gtfs.s3.amazonaws.com/sfbay-ferries-archiver_20100127_0320.zip,gtfs_data_exchange,2010
75,2009.11.16,sfbay-ferries-archiver_20091117_0306.zip,,BG,http://gtfs.s3.amazonaws.com/sfbay-ferries-archiver_20091117_0306.zip,gtfs_data_exchange,2009
76,2009.11.02,sfbay-ferries-archiver_20091103_0307.zip,,BG,http://gtfs.s3.amazonaws.com/sfbay-ferries-archiver_20091103_0307.zip,gtfs_data_exchange,2009
77,2009.09.08,sfbay-ferries-archiver_20090909_0255.zip,,BG,http://gtfs.s3.amazonaws.com/sfbay-ferries-archiver_20090909_0255.zip,gtfs_data_exchange,2009
78,2014.08.25,caltrain_20140826_0542.zip,,CT,http://gtfs.s3.amazonaws.com/caltrain_20140826_0542.zip,gtfs_data_exchange,2014
79,2012.08.23,caltrain_20120824_0333.zip,,CT,http://gtfs.s3.amazonaws.com/caltrain_20120824_0333.zip,gtfs_data_exchange,2012
80,2012.07.10,caltrain_20120711_0305.zip,,CT,http://gtfs.s3.amazonaws.com/caltrain_20120711_0305.zip,gtfs_data_exchange,2012
81,2012.06.30,caltrain_20120701_0316.zip,,CT,http://gtfs.s3.amazonaws.com/caltrain_20120701_0316.zip,gtfs_data_exchange,2012
82,2012.06.06,caltrain_20120607_0324.zip,,CT,http://gtfs.s3.amazonaws.com/caltrain_20120607_0324.zip,gtfs_data_exchange,2012
83,2012.05.24,caltrain_20120525_0329.zip,,CT,http://gtfs.s3.amazonaws.com/caltrain_20120525_0329.zip,gtfs_data_exchange,2012
84,2012.04.11,caltrain_20120412_0315.zip,,CT,http://gtfs.s3.amazonaws.com/caltrain_20120412_0315.zip,gtfs_data_exchange,2012
85,2012.01.12,caltrain_20120113_0421.zip,,CT,http://gtfs.s3.amazonaws.com/caltrain_20120113_0421.zip,gtfs_data_exchange,2012
86,2012.01.05,caltrain_20120105_0805.zip,,CT,http://gtfs.s3.amazonaws.com/caltrain_20120105_0805.zip,gtfs_data_exchange,2012
87,2011.10.19,caltrain_20111020_0248.zip,,CT,http://gtfs.s3.amazonaws.com/caltrain_20111020_0248.zip,gtfs_data_exchange,2011
88,2011.07.27,caltrain_20110728_0253.zip,,CT,http://gtfs.s3.amazonaws.com/caltrain_20110728_0253.zip,gtfs_data_exchange,2011
89,2011.07.13,caltrain_20110714_0232.zip,,CT,http://gtfs.s3.amazonaws.com/caltrain_20110714_0232.zip,gtfs_data_exchange,2011
90,2011.05.11,caltrain_20110512_0236.zip,,CT,http://gtfs.s3.amazonaws.com/caltrain_20110512_0236.zip,gtfs_data_exchange,2011
91,2011.05.05,caltrain_20110506_0238.zip,,CT,http://gtfs.s3.amazonaws.com/caltrain_20110506_0238.zip,gtfs_data_exchange,2011
92,2011.04.26,caltrain_20110427_0248.zip,,CT,http://gtfs.s3.amazonaws.com/caltrain_20110427_0248.zip,gtfs_data_exchange,2011
93,2011.04.11,caltrain_20110412_0233.zip,,CT,http://gtfs.s3.amazonaws.com/caltrain_20110412_0233.zip,gtfs_data_exchange,2011
94,2011.02.16,caltrain_20110217_0333.zip,,CT,http://gtfs.s3.amazonaws.com/caltrain_20110217_0333.zip,gtfs_data_exchange,2011
95,2011.02.08,caltrain_20110209_0334.zip,,CT,http://gtfs.s3.amazonaws.com/caltrain_20110209_0334.zip,gtfs_data_exchange,2011
96,2009.07.23,caltrain_20090724_0212.zip,,CT,http://gtfs.s3.amazonaws.com/caltrain_20090724_0212.zip,gtfs_data_exchange,2009
97,2009.07.22,caltrain-archiver_20090723_0208.zip,,CT,http://gtfs.s3.amazonaws.com/caltrain-archiver_20090723_0208.zip,gtfs_data_exchange,2009
98,2009.03.08,caltrain_20090308_1937.zip,,CT,http://gtfs.s3.amazonaws.com/caltrain_20090308_1937.zip,gtfs_data_exchange,2009
99,2008.10.29,caltrain_20081029_1552_2.zip,,CT,http://gtfs.s3.amazonaws.com/caltrain_20081029_1552_2.zip,gtfs_data_exchange,2008
100,2008.10.29,caltrain_20081029_1552.zip,,CT,http://gtfs.s3.amazonaws.com/caltrain_20081029_1552.zip,gtfs_data_exchange,2008
101,2008.10.29,caltrain_20081029_1551.zip,,CT,http://gtfs.s3.amazonaws.com/caltrain_20081029_1551.zip,gtfs_data_exchange,2008
102,2008.10.29,gtfs-archiver_20081029_1550.zip,,CT,http://gtfs.s3.amazonaws.com/gtfs-archiver_20081029_1550.zip,gtfs_data_exchange,2008
103,2016.05.04,capitol-corridor-joint-powers-authority_20160505_0124.zip,,AM,http://gtfs.s3.amazonaws.com/capitol-corridor-joint-powers-authority_20160505_0124.zip,gtfs_data_exchange,2016
104,2016.04.03,capitol-corridor-joint-powers-authority_20160404_0307.zip,,AM,http://gtfs.s3.amazonaws.com/capitol-corridor-joint-powers-authority_20160404_0307.zip,gtfs_data_exchange,2016
105,2015.12.16,capitol-corridor-joint-powers-authority_20151216_1514.zip,,AM,http://gtfs.s3.amazonaws.com/capitol-corridor-joint-powers-authority_20151216_1514.zip,gtfs_data_exchange,2015
106,2015.09.30,capitol-corridor-joint-powers-authority_20150930_1531.zip,,AM,http://gtfs.s3.amazonaws.com/capitol-corridor-joint-powers-authority_20150930_1531.zip,gtfs_data_exchange,2015
107,2015.07.24,capitol-corridor-joint-powers-authority_20150725_0104.zip,,AM,http://gtfs.s3.amazonaws.com/capitol-corridor-joint-powers-authority_20150725_0104.zip,gtfs_data_exchange,2015
108,2013.01.12,capitol-corridor-joint-powers-authority_20130113_0430.zip,,AM,http://gtfs.s3.amazonaws.com/capitol-corridor-joint-powers-authority_20130113_0430.zip,gtfs_data_exchange,2013
109,2012.11.29,capitol-corridor-joint-powers-authority_20121130_0406.zip,,AM,http://gtfs.s3.amazonaws.com/capitol-corridor-joint-powers-authority_20121130_0406.zip,gtfs_data_exchange,2012
110,2012.08.23,capitol-corridor-joint-powers-authority_20120824_0311.zip,,AM,http://gtfs.s3.amazonaws.com/capitol-corridor-joint-powers-authority_20120824_0311.zip,gtfs_data_exchange,2012
111,2012.07.04,capitol-corridor-joint-powers-authority_20120705_0319.zip,,AM,http://gtfs.s3.amazonaws.com/capitol-corridor-joint-powers-authority_20120705_0319.zip,gtfs_data_exchange,2012
112,2012.01.26,capitol-corridor-joint-powers-authority_20120127_0404.zip,,AM,http://gtfs.s3.amazonaws.com/capitol-corridor-joint-powers-authority_20120127_0404.zip,gtfs_data_exchange,2012
113,2012.01.18,capitol-corridor-joint-powers-authority_20120119_0404.zip,,AM,http://gtfs.s3.amazonaws.com/capitol-corridor-joint-powers-authority_20120119_0404.zip,gtfs_data_exchange,2012
114,2011.11.23,capitol-corridor-joint-powers-authority_20111124_0417.zip,,AM,http://gtfs.s3.amazonaws.com/capitol-corridor-joint-powers-authority_20111124_0417.zip,gtfs_data_exchange,2011
115,2011.11.19,capitol-corridor-joint-powers-authority_20111120_0422.zip,,AM,http://gtfs.s3.amazonaws.com/capitol-corridor-joint-powers-authority_20111120_0422.zip,gtfs_data_exchange,2011
116,2011.05.19,capitol-corridor-joint-powers-authority_20110520_0249.zip,,AM,http://gtfs.s3.amazonaws.com/capitol-corridor-joint-powers-authority_20110520_0249.zip,gtfs_data_exchange,2011
117,2011.01.05,capitol-corridor-joint-powers-authority_20110105_0851.zip,,AM,http://gtfs.s3.amazonaws.com/capitol-corridor-joint-powers-authority_20110105_0851.zip,gtfs_data_exchange,2011
118,2011.01.04,capitol-corridor-joint-powers-authority_20110104_0836.zip,,AM,http://gtfs.s3.amazonaws.com/capitol-corridor-joint-powers-authority_20110104_0836.zip,gtfs_data_exchange,2011
119,2010.11.09,capitol-corridor-joint-powers-authority_20101109_0840.zip,,AM,http://gtfs.s3.amazonaws.com/capitol-corridor-joint-powers-authority_20101109_0840.zip,gtfs_data_exchange,2010
120,2010.10.29,capitol-corridor-joint-powers-authority_20101029_0748.zip,,AM,http://gtfs.s3.amazonaws.com/capitol-corridor-joint-powers-authority_20101029_0748.zip,gtfs_data_exchange,2010
121,2010.05.05,capitol-corridor-joint-powers-authority_20100506_0208.zip,,AM,http://gtfs.s3.amazonaws.com/capitol-corridor-joint-powers-authority_20100506_0208.zip,gtfs_data_exchange,2010
122,2010.04.30,capitol-corridor-joint-powers-authority_20100501_0259.zip,,AM,http://gtfs.s3.amazonaws.com/capitol-corridor-joint-powers-authority_20100501_0259.zip,gtfs_data_exchange,2010
123,2009.11.24,capitol-corridor-joint-powers-authority_20091125_0401.zip,,AM,http://gtfs.s3.amazonaws.com/capitol-corridor-joint-powers-authority_20091125_0401.zip,gtfs_data_exchange,2009
124,2009.10.27,capitol-corridor-joint-powers-authority_20091028_0031.zip,,AM,http://gtfs.s3.amazonaws.com/capitol-corridor-joint-powers-authority_20091028_0031.zip,gtfs_data_exchange,2009
125,2016.04.03,county-connection_20160404_0211.zip,,CC,http://gtfs.s3.amazonaws.com/county-connection_20160404_0211.zip,gtfs_data_exchange,2016
126,2016.01.10,county-connection_20160110_0842.zip,,CC,http://gtfs.s3.amazonaws.com/county-connection_20160110_0842.zip,gtfs_data_exchange,2016
127,2015.12.17,county-connection_20151217_1304.zip,,CC,http://gtfs.s3.amazonaws.com/county-connection_20151217_1304.zip,gtfs_data_exchange,2015
128,2015.12.17,county-connection_20151217_1128.zip,,CC,http://gtfs.s3.amazonaws.com/county-connection_20151217_1128.zip,gtfs_data_exchange,2015
129,2015.12.16,county-connection_20151216_1614.zip,,CC,http://gtfs.s3.amazonaws.com/county-connection_20151216_1614.zip,gtfs_data_exchange,2015
130,2015.08.18,county-connection_20150819_0123.zip,,CC,http://gtfs.s3.amazonaws.com/county-connection_20150819_0123.zip,gtfs_data_exchange,2015
131,2015.08.13,county-connection_20150813_0825.zip,,CC,http://gtfs.s3.amazonaws.com/county-connection_20150813_0825.zip,gtfs_data_exchange,2015
132,2015.08.06,county-connection_20150807_0151.zip,,CC,http://gtfs.s3.amazonaws.com/county-connection_20150807_0151.zip,gtfs_data_exchange,2015
133,2015.06.25,county-connection_20150626_0207.zip,,CC,http://gtfs.s3.amazonaws.com/county-connection_20150626_0207.zip,gtfs_data_exchange,2015
134,2015.03.05,county-connection_20150306_0152.zip,,CC,http://gtfs.s3.amazonaws.com/county-connection_20150306_0152.zip,gtfs_data_exchange,2015
135,2014.12.23,county-connection_20141224_0151.zip,,CC,http://gtfs.s3.amazonaws.com/county-connection_20141224_0151.zip,gtfs_data_exchange,2014
136,2014.12.17,county-connection_20141218_0121.zip,,CC,http://gtfs.s3.amazonaws.com/county-connection_20141218_0121.zip,gtfs_data_exchange,2014
137,2014.10.06,county-connection_20141007_0148.zip,,CC,http://gtfs.s3.amazonaws.com/county-connection_20141007_0148.zip,gtfs_data_exchange,2014
138,2014.08.14,county-connection_20140815_0123.zip,,CC,http://gtfs.s3.amazonaws.com/county-connection_20140815_0123.zip,gtfs_data_exchange,2014
139,2014.06.12,county-connection_20140613_0137.zip,,CC,http://gtfs.s3.amazonaws.com/county-connection_20140613_0137.zip,gtfs_data_exchange,2014
140,2014.03.06,county-connection_20140307_0107.zip,,CC,http://gtfs.s3.amazonaws.com/county-connection_20140307_0107.zip,gtfs_data_exchange,2014
141,2014.01.06,county-connection_20140107_0008.zip,,CC,http://gtfs.s3.amazonaws.com/county-connection_20140107_0008.zip,gtfs_data_exchange,2014
142,2013.08.30,county-connection_20130830_1505.zip,,CC,http://gtfs.s3.amazonaws.com/county-connection_20130830_1505.zip,gtfs_data_exchange,2013
143,2013.06.13,county-connection_20130614_0338.zip,,CC,http://gtfs.s3.amazonaws.com/county-connection_20130614_0338.zip,gtfs_data_exchange,2013
144,2013.03.05,county-connection_20130306_0407.zip,,CC,http://gtfs.s3.amazonaws.com/county-connection_20130306_0407.zip,gtfs_data_exchange,2013
145,2013.01.08,county-connection_20130109_0418.zip,,CC,http://gtfs.s3.amazonaws.com/county-connection_20130109_0418.zip,gtfs_data_exchange,2013
146,2012.12.28,county-connection_20121228_1342.zip,,CC,http://gtfs.s3.amazonaws.com/county-connection_20121228_1342.zip,gtfs_data_exchange,2012
147,2012.12.13,county-connection_20121214_0417.zip,,CC,http://gtfs.s3.amazonaws.com/county-connection_20121214_0417.zip,gtfs_data_exchange,2012
148,2012.10.31,county-connection_20121101_0431.zip,,CC,http://gtfs.s3.amazonaws.com/county-connection_20121101_0431.zip,gtfs_data_exchange,2012
149,2012.08.19,county-connection_20120820_0452.zip,,CC,http://gtfs.s3.amazonaws.com/county-connection_20120820_0452.zip,gtfs_data_exchange,2012
150,2012.07.16,county-connection_20120717_0321.zip,,CC,http://gtfs.s3.amazonaws.com/county-connection_20120717_0321.zip,gtfs_data_exchange,2012
151,2012.07.12,county-connection_20120713_0303.zip,,CC,http://gtfs.s3.amazonaws.com/county-connection_20120713_0303.zip,gtfs_data_exchange,2012
152,2012.05.24,county-connection_20120525_0323.zip,,CC,http://gtfs.s3.amazonaws.com/county-connection_20120525_0323.zip,gtfs_data_exchange,2012
153,2012.03.18,county-connection_20120319_0405.zip,,CC,http://gtfs.s3.amazonaws.com/county-connection_20120319_0405.zip,gtfs_data_exchange,2012
154,2011.12.12,county-connection_20111213_0425.zip,,CC,http://gtfs.s3.amazonaws.com/county-connection_20111213_0425.zip,gtfs_data_exchange,2011
155,2011.08.22,county-connection_20110823_0240.zip,,CC,http://gtfs.s3.amazonaws.com/county-connection_20110823_0240.zip,gtfs_data_exchange,2011
156,2011.08.18,county-connection_20110819_0449.zip,,CC,http://gtfs.s3.amazonaws.com/county-connection_20110819_0449.zip,gtfs_data_exchange,2011
157,2011.06.10,county-connection_20110611_0318.zip,,CC,http://gtfs.s3.amazonaws.com/county-connection_20110611_0318.zip,gtfs_data_exchange,2011
158,2011.05.18,county-connection_20110519_0235.zip,,CC,http://gtfs.s3.amazonaws.com/county-connection_20110519_0235.zip,gtfs_data_exchange,2011
159,2011.03.09,county-connection_20110310_0333.zip,,CC,http://gtfs.s3.amazonaws.com/county-connection_20110310_0333.zip,gtfs_data_exchange,2011
160,2011.02.08,county-connection_20110209_0349.zip,,CC,http://gtfs.s3.amazonaws.com/county-connection_20110209_0349.zip,gtfs_data_exchange,2011
161,2016.04.03,fairfield-and-suisun-transit_20160404_0141.zip,,FS,http://gtfs.s3.amazonaws.com/fairfield-and-suisun-transit_20160404_0141.zip,gtfs_data_exchange,2016
162,2015.12.16,fairfield-and-suisun-transit_20151216_1546.zip,,FS,http://gtfs.s3.amazonaws.com/fairfield-and-suisun-transit_20151216_1546.zip,gtfs_data_exchange,2015
163,2015.12.02,fairfield-and-suisun-transit_20151202_1917.zip,,FS,http://gtfs.s3.amazonaws.com/fairfield-and-suisun-transit_20151202_1917.zip,gtfs_data_exchange,2015
164,2015.12.02,fairfield-and-suisun-transit_20151202_1542.zip,,FS,http://gtfs.s3.amazonaws.com/fairfield-and-suisun-transit_20151202_1542.zip,gtfs_data_exchange,2015
165,2015.07.07,fairfield-and-suisun-transit_20150708_0143.zip,,FS,http://gtfs.s3.amazonaws.com/fairfield-and-suisun-transit_20150708_0143.zip,gtfs_data_exchange,2015
166,2015.02.04,fairfield-and-suisun-transit_20150205_0143.zip,,FS,http://gtfs.s3.amazonaws.com/fairfield-and-suisun-transit_20150205_0143.zip,gtfs_data_exchange,2015
167,2014.12.30,fairfield-and-suisun-transit_20141231_0105.zip,,FS,http://gtfs.s3.amazonaws.com/fairfield-and-suisun-transit_20141231_0105.zip,gtfs_data_exchange,2014
168,2014.12.25,fairfield-and-suisun-transit_20141226_0106.zip,,FS,http://gtfs.s3.amazonaws.com/fairfield-and-suisun-transit_20141226_0106.zip,gtfs_data_exchange,2014
169,2014.12.21,fairfield-and-suisun-transit_20141222_0138.zip,,FS,http://gtfs.s3.amazonaws.com/fairfield-and-suisun-transit_20141222_0138.zip,gtfs_data_exchange,2014
170,2013.12.11,fairfield-and-suisun-transit_20131212_0125.zip,,FS,http://gtfs.s3.amazonaws.com/fairfield-and-suisun-transit_20131212_0125.zip,gtfs_data_exchange,2013
171,2013.05.09,fairfield-and-suisun-transit_20130510_0327.zip,,FS,http://gtfs.s3.amazonaws.com/fairfield-and-suisun-transit_20130510_0327.zip,gtfs_data_exchange,2013
172,2013.01.10,fairfield-and-suisun-transit_20130111_0409.zip,,FS,http://gtfs.s3.amazonaws.com/fairfield-and-suisun-transit_20130111_0409.zip,gtfs_data_exchange,2013
173,2012.12.28,fairfield-and-suisun-transit_20121228_1328.zip,,FS,http://gtfs.s3.amazonaws.com/fairfield-and-suisun-transit_20121228_1328.zip,gtfs_data_exchange,2012
174,2012.08.19,fairfield-and-suisun-transit_20120820_0351.zip,,FS,http://gtfs.s3.amazonaws.com/fairfield-and-suisun-transit_20120820_0351.zip,gtfs_data_exchange,2012
175,2012.01.03,fairfield-and-suisun-transit_20120104_0142.zip,,FS,http://gtfs.s3.amazonaws.com/fairfield-and-suisun-transit_20120104_0142.zip,gtfs_data_exchange,2012
176,2011.11.10,fairfield-and-suisun-transit_20111111_0404.zip,,FS,http://gtfs.s3.amazonaws.com/fairfield-and-suisun-transit_20111111_0404.zip,gtfs_data_exchange,2011
177,2011.09.03,fairfield-and-suisun-transit_20110904_0231.zip,,FS,http://gtfs.s3.amazonaws.com/fairfield-and-suisun-transit_20110904_0231.zip,gtfs_data_exchange,2011
178,2011.08.05,fairfield-and-suisun-transit_20110806_0251.zip,,FS,http://gtfs.s3.amazonaws.com/fairfield-and-suisun-transit_20110806_0251.zip,gtfs_data_exchange,2011
179,2011.07.14,fairfield-and-suisun-transit_20110714_1147.zip,,FS,http://gtfs.s3.amazonaws.com/fairfield-and-suisun-transit_20110714_1147.zip,gtfs_data_exchange,2011
180,2011.03.04,fairfield-and-suisun-transit_20110305_0334.zip,,FS,http://gtfs.s3.amazonaws.com/fairfield-and-suisun-transit_20110305_0334.zip,gtfs_data_exchange,2011
181,2011.03.02,fairfield-and-suisun-transit_20110303_0340.zip,,FS,http://gtfs.s3.amazonaws.com/fairfield-and-suisun-transit_20110303_0340.zip,gtfs_data_exchange,2011
182,2010.12.13,fairfield-and-suisun-transit_20101213_0843.zip,,FS,http://gtfs.s3.amazonaws.com/fairfield-and-suisun-transit_20101213_0843.zip,gtfs_data_exchange,2010
183,2009.12.10,fairfield-and-suisun-transit_20091211_0305.zip,,FS,http://gtfs.s3.amazonaws.com/fairfield-and-suisun-transit_20091211_0305.zip,gtfs_data_exchange,2009
184,2009.12.08,fairfield-and-suisun-transit_20091209_0306.zip,,FS,http://gtfs.s3.amazonaws.com/fairfield-and-suisun-transit_20091209_0306.zip,gtfs_data_exchange,2009
185,2009.12.04,fairfield-and-suisun-transit_20091205_0004.zip,,FS,http://gtfs.s3.amazonaws.com/fairfield-and-suisun-transit_20091205_0004.zip,gtfs_data_exchange,2009
186,2013.07.01,sfbay-ferries-ca-us-archiver_20130702_0206.zip,,GF,http://gtfs.s3.amazonaws.com/sfbay-ferries-ca-us-archiver_20130702_0206.zip,gtfs_data_exchange,2013
187,2013.01.08,sfbay-ferries-ca-us-archiver_20130109_0407.zip,,GF,http://gtfs.s3.amazonaws.com/sfbay-ferries-ca-us-archiver_20130109_0407.zip,gtfs_data_exchange,2013
188,2013.01.02,sfbay-ferries-ca-us-archiver_20130103_0407.zip,,GF,http://gtfs.s3.amazonaws.com/sfbay-ferries-ca-us-archiver_20130103_0407.zip,gtfs_data_exchange,2013
189,2012.12.15,sfbay-ferries-ca-us-archiver_20121216_0437.zip,,GF,http://gtfs.s3.amazonaws.com/sfbay-ferries-ca-us-archiver_20121216_0437.zip,gtfs_data_exchange,2012
190,2012.11.28,sfbay-ferries-ca-us-archiver_20121129_0413.zip,,GF,http://gtfs.s3.amazonaws.com/sfbay-ferries-ca-us-archiver_20121129_0413.zip,gtfs_data_exchange,2012
191,2012.11.06,sfbay-ferries-ca-us-archiver_20121107_0423.zip,,GF,http://gtfs.s3.amazonaws.com/sfbay-ferries-ca-us-archiver_20121107_0423.zip,gtfs_data_exchange,2012
192,2012.10.31,sfbay-ferries-ca-us-archiver_20121101_0403.zip,,GF,http://gtfs.s3.amazonaws.com/sfbay-ferries-ca-us-archiver_20121101_0403.zip,gtfs_data_exchange,2012
193,2012.09.29,sfbay-ferries-ca-us-archiver_20120930_0328.zip,,GF,http://gtfs.s3.amazonaws.com/sfbay-ferries-ca-us-archiver_20120930_0328.zip,gtfs_data_exchange,2012
194,2012.09.27,sfbay-ferries-ca-us-archiver_20120928_0325.zip,,GF,http://gtfs.s3.amazonaws.com/sfbay-ferries-ca-us-archiver_20120928_0325.zip,gtfs_data_exchange,2012
195,2012.08.19,sfbay-ferries-ca-us-archiver_20120820_0333.zip,,GF,http://gtfs.s3.amazonaws.com/sfbay-ferries-ca-us-archiver_20120820_0333.zip,gtfs_data_exchange,2012
196,2012.08.19,sfbay-ferries-ca-us-archiver_20120820_0305.zip,,GF,http://gtfs.s3.amazonaws.com/sfbay-ferries-ca-us-archiver_20120820_0305.zip,gtfs_data_exchange,2012
197,2012.02.19,sfbay-ferries-ca-us-archiver_20120220_0405.zip,,GF,http://gtfs.s3.amazonaws.com/sfbay-ferries-ca-us-archiver_20120220_0405.zip,gtfs_data_exchange,2012
198,2012.01.03,sfbay-ferries-ca-us-archiver_20120104_0140.zip,,GF,http://gtfs.s3.amazonaws.com/sfbay-ferries-ca-us-archiver_20120104_0140.zip,gtfs_data_exchange,2012
199,2011.11.24,sfbay-ferries-ca-us-archiver_20111125_0402.zip,,GF,http://gtfs.s3.amazonaws.com/sfbay-ferries-ca-us-archiver_20111125_0402.zip,gtfs_data_exchange,2011
200,2011.02.04,sfbay-ferries-archiver_20110204_0845.zip,,GF,http://gtfs.s3.amazonaws.com/sfbay-ferries-archiver_20110204_0845.zip,gtfs_data_exchange,2011
201,2011.01.25,sfbay-ferries-archiver_20110125_0841.zip,,GF,http://gtfs.s3.amazonaws.com/sfbay-ferries-archiver_20110125_0841.zip,gtfs_data_exchange,2011
202,2011.01.19,sfbay-ferries-archiver_20110119_0840.zip,,GF,http://gtfs.s3.amazonaws.com/sfbay-ferries-archiver_20110119_0840.zip,gtfs_data_exchange,2011
203,2010.12.31,sfbay-ferries-archiver_20101231_0842.zip,,GF,http://gtfs.s3.amazonaws.com/sfbay-ferries-archiver_20101231_0842.zip,gtfs_data_exchange,2010
204,2010.11.23,sfbay-ferries-archiver_20101123_0842.zip,,GF,http://gtfs.s3.amazonaws.com/sfbay-ferries-archiver_20101123_0842.zip,gtfs_data_exchange,2010
205,2010.11.02,sfbay-ferries-archiver_20101102_0746.zip,,GF,http://gtfs.s3.amazonaws.com/sfbay-ferries-archiver_20101102_0746.zip,gtfs_data_exchange,2010
206,2010.08.13,sfbay-ferries-archiver_20100814_0220.zip,,GF,http://gtfs.s3.amazonaws.com/sfbay-ferries-archiver_20100814_0220.zip,gtfs_data_exchange,2010
207,2010.08.02,sfbay-ferries-archiver_20100803_0215.zip,,GF,http://gtfs.s3.amazonaws.com/sfbay-ferries-archiver_20100803_0215.zip,gtfs_data_exchange,2010
208,2010.06.21,sfbay-ferries-archiver_20100622_0215.zip,,GF,http://gtfs.s3.amazonaws.com/sfbay-ferries-archiver_20100622_0215.zip,gtfs_data_exchange,2010
209,2010.04.27,sfbay-ferries-archiver_20100428_0210.zip,,GF,http://gtfs.s3.amazonaws.com/sfbay-ferries-archiver_20100428_0210.zip,gtfs_data_exchange,2010
210,2010.01.26,sfbay-ferries-archiver_20100127_0320.zip,,GF,http://gtfs.s3.amazonaws.com/sfbay-ferries-archiver_20100127_0320.zip,gtfs_data_exchange,2010
211,2009.11.16,sfbay-ferries-archiver_20091117_0306.zip,,GF,http://gtfs.s3.amazonaws.com/sfbay-ferries-archiver_20091117_0306.zip,gtfs_data_exchange,2009
212,2009.11.02,sfbay-ferries-archiver_20091103_0307.zip,,GF,http://gtfs.s3.amazonaws.com/sfbay-ferries-archiver_20091103_0307.zip,gtfs_data_exchange,2009
213,2009.09.08,sfbay-ferries-archiver_20090909_0255.zip,,GF,http://gtfs.s3.amazonaws.com/sfbay-ferries-archiver_20090909_0255.zip,gtfs_data_exchange,2009
214,2014.10.21,golden-empire-transit-district_20141022_0117.zip,,GG,http://gtfs.s3.amazonaws.com/golden-empire-transit-district_20141022_0117.zip,gtfs_data_exchange,2014
215,2014.06.10,golden-empire-transit-district_20140611_0113.zip,,GG,http://gtfs.s3.amazonaws.com/golden-empire-transit-district_20140611_0113.zip,gtfs_data_exchange,2014
216,2013.10.09,golden-empire-transit-district_20131009_2221.zip,,GG,http://gtfs.s3.amazonaws.com/golden-empire-transit-district_20131009_2221.zip,gtfs_data_exchange,2013
217,2013.04.12,golden-empire-transit-district_20130413_0306.zip,,GG,http://gtfs.s3.amazonaws.com/golden-empire-transit-district_20130413_0306.zip,gtfs_data_exchange,2013
218,2013.03.04,golden-empire-transit-district_20130304_2051.zip,,GG,http://gtfs.s3.amazonaws.com/golden-empire-transit-district_20130304_2051.zip,gtfs_data_exchange,2013
219,2013.02.28,golden-empire-transit-district_20130301_0139.zip,,GG,http://gtfs.s3.amazonaws.com/golden-empire-transit-district_20130301_0139.zip,gtfs_data_exchange,2013
220,2013.02.08,golden-empire-transit-district_20130208_2353.zip,,GG,http://gtfs.s3.amazonaws.com/golden-empire-transit-district_20130208_2353.zip,gtfs_data_exchange,2013
221,2013.01.10,golden-empire-transit-district_20130111_0437.zip,,GG,http://gtfs.s3.amazonaws.com/golden-empire-transit-district_20130111_0437.zip,gtfs_data_exchange,2013
222,2012.12.19,golden-empire-transit-district_20121220_0223.zip,,GG,http://gtfs.s3.amazonaws.com/golden-empire-transit-district_20121220_0223.zip,gtfs_data_exchange,2012
223,2012.11.27,golden-empire-transit-district_20121127_1810.zip,,GG,http://gtfs.s3.amazonaws.com/golden-empire-transit-district_20121127_1810.zip,gtfs_data_exchange,2012
224,2012.10.05,golden-empire-transit-district_20121006_0033.zip,,GG,http://gtfs.s3.amazonaws.com/golden-empire-transit-district_20121006_0033.zip,gtfs_data_exchange,2012
225,2012.10.02,golden-empire-transit-district_20121002_2122.zip,,GG,http://gtfs.s3.amazonaws.com/golden-empire-transit-district_20121002_2122.zip,gtfs_data_exchange,2012
226,2012.09.24,golden-empire-transit-district_20120924_1659.zip,,GG,http://gtfs.s3.amazonaws.com/golden-empire-transit-district_20120924_1659.zip,gtfs_data_exchange,2012
227,2012.09.18,golden-empire-transit-district_20120918_1741.zip,,GG,http://gtfs.s3.amazonaws.com/golden-empire-transit-district_20120918_1741.zip,gtfs_data_exchange,2012
228,2012.09.12,golden-empire-transit-district_20120912_1739.zip,,GG,http://gtfs.s3.amazonaws.com/golden-empire-transit-district_20120912_1739.zip,gtfs_data_exchange,2012
229,2016.04.03,marin-transit_20160404_0255.zip,,MA,http://gtfs.s3.amazonaws.com/marin-transit_20160404_0255.zip,gtfs_data_exchange,2016
230,2016.01.21,marin-transit_20160122_0121.zip,,MA,http://gtfs.s3.amazonaws.com/marin-transit_20160122_0121.zip,gtfs_data_exchange,2016
231,2015.12.16,marin-transit_20151216_1448.zip,,MA,http://gtfs.s3.amazonaws.com/marin-transit_20151216_1448.zip,gtfs_data_exchange,2015
232,2015.09.01,marin-transit_20150902_0109.zip,,MA,http://gtfs.s3.amazonaws.com/marin-transit_20150902_0109.zip,gtfs_data_exchange,2015
233,2015.06.25,marin-transit_20150626_0253.zip,,MA,http://gtfs.s3.amazonaws.com/marin-transit_20150626_0253.zip,gtfs_data_exchange,2015
234,2015.03.16,marin-transit_20150317_0159.zip,,MA,http://gtfs.s3.amazonaws.com/marin-transit_20150317_0159.zip,gtfs_data_exchange,2015
235,2015.02.13,marin-transit_20150214_0106.zip,,MA,http://gtfs.s3.amazonaws.com/marin-transit_20150214_0106.zip,gtfs_data_exchange,2015
236,2015.01.24,marin-transit_20150125_0138.zip,,MA,http://gtfs.s3.amazonaws.com/marin-transit_20150125_0138.zip,gtfs_data_exchange,2015
237,2014.12.29,marin-transit_20141230_0126.zip,,MA,http://gtfs.s3.amazonaws.com/marin-transit_20141230_0126.zip,gtfs_data_exchange,2014
238,2014.12.15,marin-transit_20141216_0107.zip,,MA,http://gtfs.s3.amazonaws.com/marin-transit_20141216_0107.zip,gtfs_data_exchange,2014
239,2014.10.06,marin-transit_20141007_0223.zip,,MA,http://gtfs.s3.amazonaws.com/marin-transit_20141007_0223.zip,gtfs_data_exchange,2014
240,2014.08.21,marin-transit_20140822_0134.zip,,MA,http://gtfs.s3.amazonaws.com/marin-transit_20140822_0134.zip,gtfs_data_exchange,2014
241,2014.08.19,marin-transit_20140820_0132.zip,,MA,http://gtfs.s3.amazonaws.com/marin-transit_20140820_0132.zip,gtfs_data_exchange,2014
242,2014.06.10,marin-transit_20140611_0112.zip,,MA,http://gtfs.s3.amazonaws.com/marin-transit_20140611_0112.zip,gtfs_data_exchange,2014
243,2014.04.15,marin-transit_20140416_0137.zip,,MA,http://gtfs.s3.amazonaws.com/marin-transit_20140416_0137.zip,gtfs_data_exchange,2014
244,2014.03.12,marin-transit_20140313_0105.zip,,MA,http://gtfs.s3.amazonaws.com/marin-transit_20140313_0105.zip,gtfs_data_exchange,2014
245,2014.02.11,marin-transit_20140212_0108.zip,,MA,http://gtfs.s3.amazonaws.com/marin-transit_20140212_0108.zip,gtfs_data_exchange,2014
246,2014.01.16,marin-transit_20140117_0112.zip,,MA,http://gtfs.s3.amazonaws.com/marin-transit_20140117_0112.zip,gtfs_data_exchange,2014
247,2014.01.14,marin-transit_20140115_0111.zip,,MA,http://gtfs.s3.amazonaws.com/marin-transit_20140115_0111.zip,gtfs_data_exchange,2014
248,2014.01.10,marin-transit_20140111_0114.zip,,MA,http://gtfs.s3.amazonaws.com/marin-transit_20140111_0114.zip,gtfs_data_exchange,2014
249,2014.01.06,marin-transit_20140107_0730.zip,,MA,http://gtfs.s3.amazonaws.com/marin-transit_20140107_0730.zip,gtfs_data_exchange,2014
250,2013.12.12,marin-transit_20131213_0121.zip,,MA,http://gtfs.s3.amazonaws.com/marin-transit_20131213_0121.zip,gtfs_data_exchange,2013
251,2013.11.28,marin-transit_20131129_0129.zip,,MA,http://gtfs.s3.amazonaws.com/marin-transit_20131129_0129.zip,gtfs_data_exchange,2013
252,2013.11.26,marin-transit_20131127_0128.zip,,MA,http://gtfs.s3.amazonaws.com/marin-transit_20131127_0128.zip,gtfs_data_exchange,2013
253,2013.11.22,marin-transit_20131123_0134.zip,,MA,http://gtfs.s3.amazonaws.com/marin-transit_20131123_0134.zip,gtfs_data_exchange,2013
254,2013.11.19,marin-transit_20131119_1906.zip,,MA,http://gtfs.s3.amazonaws.com/marin-transit_20131119_1906.zip,gtfs_data_exchange,2013
255,2013.09.05,marin-transit_20130906_0122.zip,,MA,http://gtfs.s3.amazonaws.com/marin-transit_20130906_0122.zip,gtfs_data_exchange,2013
256,2013.08.02,marin-transit_20130802_1614.zip,,MA,http://gtfs.s3.amazonaws.com/marin-transit_20130802_1614.zip,gtfs_data_exchange,2013
257,2013.05.03,marin-transit_20130504_0341.zip,,MA,http://gtfs.s3.amazonaws.com/marin-transit_20130504_0341.zip,gtfs_data_exchange,2013
258,2013.04.18,marin-transit_20130419_0329.zip,,MA,http://gtfs.s3.amazonaws.com/marin-transit_20130419_0329.zip,gtfs_data_exchange,2013
259,2013.04.10,marin-transit_20130411_0304.zip,,MA,http://gtfs.s3.amazonaws.com/marin-transit_20130411_0304.zip,gtfs_data_exchange,2013
260,2012.12.28,marin-transit_20121228_1405.zip,,MA,http://gtfs.s3.amazonaws.com/marin-transit_20121228_1405.zip,gtfs_data_exchange,2012
261,2012.12.16,marin-transit_20121216_1248.zip,,MA,http://gtfs.s3.amazonaws.com/marin-transit_20121216_1248.zip,gtfs_data_exchange,2012
262,2012.12.07,marin-transit_20121207_2030.zip,,MA,http://gtfs.s3.amazonaws.com/marin-transit_20121207_2030.zip,gtfs_data_exchange,2012
263,2013.12.11,rio-vista-delta-breeze_20131212_0124.zip,,RV,http://gtfs.s3.amazonaws.com/rio-vista-delta-breeze_20131212_0124.zip,gtfs_data_exchange,2013
264,2013.04.16,rio-vista-delta-breeze_20130417_0312.zip,,RV,http://gtfs.s3.amazonaws.com/rio-vista-delta-breeze_20130417_0312.zip,gtfs_data_exchange,2013
265,2012.12.28,rio-vista-delta-breeze_20121228_1326.zip,,RV,http://gtfs.s3.amazonaws.com/rio-vista-delta-breeze_20121228_1326.zip,gtfs_data_exchange,2012
266,2012.08.19,rio-vista-delta-breeze_20120820_0443.zip,,RV,http://gtfs.s3.amazonaws.com/rio-vista-delta-breeze_20120820_0443.zip,gtfs_data_exchange,2012
267,2012.08.19,rio-vista-delta-breeze_20120820_0418.zip,,RV,http://gtfs.s3.amazonaws.com/rio-vista-delta-breeze_20120820_0418.zip,gtfs_data_exchange,2012
268,2012.07.16,rio-vista-delta-breeze_20120717_0312.zip,,RV,http://gtfs.s3.amazonaws.com/rio-vista-delta-breeze_20120717_0312.zip,gtfs_data_exchange,2012
269,2012.07.12,rio-vista-delta-breeze_20120713_0317.zip,,RV,http://gtfs.s3.amazonaws.com/rio-vista-delta-breeze_20120713_0317.zip,gtfs_data_exchange,2012
270,2012.01.04,rio-vista-delta-breeze_20120105_0650.zip,,RV,http://gtfs.s3.amazonaws.com/rio-vista-delta-breeze_20120105_0650.zip,gtfs_data_exchange,2012
271,2010.10.24,rio-vista-delta-breeze_20101024_0746.zip,,RV,http://gtfs.s3.amazonaws.com/rio-vista-delta-breeze_20101024_0746.zip,gtfs_data_exchange,2010
272,2010.08.19,rio-vista-delta-breeze_20100820_0209.zip,,RV,http://gtfs.s3.amazonaws.com/rio-vista-delta-breeze_20100820_0209.zip,gtfs_data_exchange,2010
273,2010.07.13,rio-vista-delta-breeze_20100714_0250.zip,,RV,http://gtfs.s3.amazonaws.com/rio-vista-delta-breeze_20100714_0250.zip,gtfs_data_exchange,2010
274,2009.11.27,rio-vista-delta-breeze_20091128_0311.zip,,RV,http://gtfs.s3.amazonaws.com/rio-vista-delta-breeze_20091128_0311.zip,gtfs_data_exchange,2009
275,2009.11.02,rio-vista-delta-breeze_20091103_0334.zip,,RV,http://gtfs.s3.amazonaws.com/rio-vista-delta-breeze_20091103_0334.zip,gtfs_data_exchange,2009
276,2009.03.22,rio-vista-delta-breeze_20090323_0357.zip,,RV,http://gtfs.s3.amazonaws.com/rio-vista-delta-breeze_20090323_0357.zip,gtfs_data_exchange,2009
277,2009.01.23,rio-vista-delta-breeze_20090124_0550.zip,,RV,http://gtfs.s3.amazonaws.com/rio-vista-delta-breeze_20090124_0550.zip,gtfs_data_exchange,2009
278,2008.10.29,rio-vista-delta-breeze_20081029_1538.zip,,RV,http://gtfs.s3.amazonaws.com/rio-vista-delta-breeze_20081029_1538.zip,gtfs_data_exchange,2008
279,2013.07.04,samtrans_20130704_1259.zip,,SM,http://gtfs.s3.amazonaws.com/samtrans_20130704_1259.zip,gtfs_data_exchange,2013
280,2013.04.23,samtrans_20130424_0640.zip,,SM,http://gtfs.s3.amazonaws.com/samtrans_20130424_0640.zip,gtfs_data_exchange,2013
281,2008.10.29,gtfs-archiver_20081029_1550.zip,,SM,http://gtfs.s3.amazonaws.com/gtfs-archiver_20081029_1550.zip,gtfs_data_exchange,2008
282,2013.04.23,santa-rosa-citybus_20130423_1906.zip,,SR,http://gtfs.s3.amazonaws.com/santa-rosa-citybus_20130423_1906.zip,gtfs_data_exchange,2013
283,2010.09.02,santa-rosa-citybus_20100903_0417.zip,,SR,http://gtfs.s3.amazonaws.com/santa-rosa-citybus_20100903_0417.zip,gtfs_data_exchange,2010
284,2016.04.29,san-francisco-municipal-transportation-agency_20160430_0118.zip,,SF,http://gtfs.s3.amazonaws.com/san-francisco-municipal-transportation-agency_20160430_0118.zip,gtfs_data_exchange,2016
285,2016.04.15,san-francisco-municipal-transportation-agency_20160416_0114.zip,,SF,http://gtfs.s3.amazonaws.com/san-francisco-municipal-transportation-agency_20160416_0114.zip,gtfs_data_exchange,2016
286,2016.04.03,san-francisco-municipal-transportation-agency_20160404_0253.zip,,SF,http://gtfs.s3.amazonaws.com/san-francisco-municipal-transportation-agency_20160404_0253.zip,gtfs_data_exchange,2016
287,2016.02.01,san-francisco-municipal-transportation-agency_20160202_0116.zip,,SF,http://gtfs.s3.amazonaws.com/san-francisco-municipal-transportation-agency_20160202_0116.zip,gtfs_data_exchange,2016
288,2015.12.16,san-francisco-municipal-transportation-agency_20151216_1446.zip,,SF,http://gtfs.s3.amazonaws.com/san-francisco-municipal-transportation-agency_20151216_1446.zip,gtfs_data_exchange,2015
289,2015.10.08,san-francisco-municipal-transportation-agency_20151009_0132.zip,,SF,http://gtfs.s3.amazonaws.com/san-francisco-municipal-transportation-agency_20151009_0132.zip,gtfs_data_exchange,2015
290,2015.09.30,san-francisco-municipal-transportation-agency_20150930_1516.zip,,SF,http://gtfs.s3.amazonaws.com/san-francisco-municipal-transportation-agency_20150930_1516.zip,gtfs_data_exchange,2015
291,2015.08.08,san-francisco-municipal-transportation-agency_20150809_0207.zip,,SF,http://gtfs.s3.amazonaws.com/san-francisco-municipal-transportation-agency_20150809_0207.zip,gtfs_data_exchange,2015
292,2015.07.24,san-francisco-municipal-transportation-agency_20150725_0208.zip,,SF,http://gtfs.s3.amazonaws.com/san-francisco-municipal-transportation-agency_20150725_0208.zip,gtfs_data_exchange,2015
293,2015.06.25,san-francisco-municipal-transportation-agency_20150626_0250.zip,,SF,http://gtfs.s3.amazonaws.com/san-francisco-municipal-transportation-agency_20150626_0250.zip,gtfs_data_exchange,2015
294,2015.02.26,san-francisco-municipal-transportation-agency_20150227_0144.zip,,SF,http://gtfs.s3.amazonaws.com/san-francisco-municipal-transportation-agency_20150227_0144.zip,gtfs_data_exchange,2015
295,2015.02.01,san-francisco-municipal-transportation-agency_20150202_0128.zip,,SF,http://gtfs.s3.amazonaws.com/san-francisco-municipal-transportation-agency_20150202_0128.zip,gtfs_data_exchange,2015
296,2014.12.19,san-francisco-municipal-transportation-agency_20141220_0202.zip,,SF,http://gtfs.s3.amazonaws.com/san-francisco-municipal-transportation-agency_20141220_0202.zip,gtfs_data_exchange,2014
297,2014.10.28,san-francisco-municipal-transportation-agency_20141029_0132.zip,,SF,http://gtfs.s3.amazonaws.com/san-francisco-municipal-transportation-agency_20141029_0132.zip,gtfs_data_exchange,2014
298,2014.10.25,san-francisco-municipal-transportation-agency_20141026_0130.zip,,SF,http://gtfs.s3.amazonaws.com/san-francisco-municipal-transportation-agency_20141026_0130.zip,gtfs_data_exchange,2014
299,2014.10.06,san-francisco-municipal-transportation-agency_20141007_0221.zip,,SF,http://gtfs.s3.amazonaws.com/san-francisco-municipal-transportation-agency_20141007_0221.zip,gtfs_data_exchange,2014
300,2014.07.11,san-francisco-municipal-transportation-agency_20140712_0108.zip,,SF,http://gtfs.s3.amazonaws.com/san-francisco-municipal-transportation-agency_20140712_0108.zip,gtfs_data_exchange,2014
301,2014.06.22,san-francisco-municipal-transportation-agency_20140623_0106.zip,,SF,http://gtfs.s3.amazonaws.com/san-francisco-municipal-transportation-agency_20140623_0106.zip,gtfs_data_exchange,2014
302,2014.06.10,san-francisco-municipal-transportation-agency_20140611_0111.zip,,SF,http://gtfs.s3.amazonaws.com/san-francisco-municipal-transportation-agency_20140611_0111.zip,gtfs_data_exchange,2014
303,2014.04.15,san-francisco-municipal-transportation-agency_20140416_0134.zip,,SF,http://gtfs.s3.amazonaws.com/san-francisco-municipal-transportation-agency_20140416_0134.zip,gtfs_data_exchange,2014
304,2014.01.31,san-francisco-municipal-transportation-agency_20140201_0107.zip,,SF,http://gtfs.s3.amazonaws.com/san-francisco-municipal-transportation-agency_20140201_0107.zip,gtfs_data_exchange,2014
305,2014.01.16,san-francisco-municipal-transportation-agency_20140117_0111.zip,,SF,http://gtfs.s3.amazonaws.com/san-francisco-municipal-transportation-agency_20140117_0111.zip,gtfs_data_exchange,2014
306,2013.11.22,san-francisco-municipal-transportation-agency_20131123_0133.zip,,SF,http://gtfs.s3.amazonaws.com/san-francisco-municipal-transportation-agency_20131123_0133.zip,gtfs_data_exchange,2013
307,2013.11.19,san-francisco-municipal-transportation-agency_20131119_1858.zip,,SF,http://gtfs.s3.amazonaws.com/san-francisco-municipal-transportation-agency_20131119_1858.zip,gtfs_data_exchange,2013
308,2013.09.10,san-francisco-municipal-transportation-agency_20130910_2349.zip,,SF,http://gtfs.s3.amazonaws.com/san-francisco-municipal-transportation-agency_20130910_2349.zip,gtfs_data_exchange,2013
309,2013.07.09,san-francisco-municipal-transportation-agency_20130710_0322.zip,,SF,http://gtfs.s3.amazonaws.com/san-francisco-municipal-transportation-agency_20130710_0322.zip,gtfs_data_exchange,2013
310,2013.06.11,san-francisco-municipal-transportation-agency_20130612_0307.zip,,SF,http://gtfs.s3.amazonaws.com/san-francisco-municipal-transportation-agency_20130612_0307.zip,gtfs_data_exchange,2013
311,2013.04.10,san-francisco-municipal-transportation-agency_20130411_0303.zip,,SF,http://gtfs.s3.amazonaws.com/san-francisco-municipal-transportation-agency_20130411_0303.zip,gtfs_data_exchange,2013
312,2013.03.23,san-francisco-municipal-transportation-agency_20130324_0307.zip,,SF,http://gtfs.s3.amazonaws.com/san-francisco-municipal-transportation-agency_20130324_0307.zip,gtfs_data_exchange,2013
313,2013.03.01,san-francisco-municipal-transportation-agency_20130302_0432.zip,,SF,http://gtfs.s3.amazonaws.com/san-francisco-municipal-transportation-agency_20130302_0432.zip,gtfs_data_exchange,2013
314,2013.01.02,san-francisco-municipal-transportation-agency_20130103_0427.zip,,SF,http://gtfs.s3.amazonaws.com/san-francisco-municipal-transportation-agency_20130103_0427.zip,gtfs_data_exchange,2013
315,2012.11.19,san-francisco-municipal-transportation-agency_20121120_0410.zip,,SF,http://gtfs.s3.amazonaws.com/san-francisco-municipal-transportation-agency_20121120_0410.zip,gtfs_data_exchange,2012
316,2012.10.01,san-francisco-municipal-transportation-agency_20121002_0318.zip,,SF,http://gtfs.s3.amazonaws.com/san-francisco-municipal-transportation-agency_20121002_0318.zip,gtfs_data_exchange,2012
317,2012.09.07,san-francisco-municipal-transportation-agency_20120908_0325.zip,,SF,http://gtfs.s3.amazonaws.com/san-francisco-municipal-transportation-agency_20120908_0325.zip,gtfs_data_exchange,2012
318,2012.06.15,san-francisco-municipal-transportation-agency_20120616_0306.zip,,SF,http://gtfs.s3.amazonaws.com/san-francisco-municipal-transportation-agency_20120616_0306.zip,gtfs_data_exchange,2012
319,2012.03.18,san-francisco-municipal-transportation-agency_20120319_0412.zip,,SF,http://gtfs.s3.amazonaws.com/san-francisco-municipal-transportation-agency_20120319_0412.zip,gtfs_data_exchange,2012
320,2012.03.18,san-francisco-municipal-transportation-agency_20120319_0337.zip,,SF,http://gtfs.s3.amazonaws.com/san-francisco-municipal-transportation-agency_20120319_0337.zip,gtfs_data_exchange,2012
321,2012.02.23,san-francisco-municipal-transportation-agency_20120224_0421.zip,,SF,http://gtfs.s3.amazonaws.com/san-francisco-municipal-transportation-agency_20120224_0421.zip,gtfs_data_exchange,2012
322,2011.12.09,san-francisco-municipal-transportation-agency_20111210_0410.zip,,SF,http://gtfs.s3.amazonaws.com/san-francisco-municipal-transportation-agency_20111210_0410.zip,gtfs_data_exchange,2011
323,2011.10.19,san-francisco-municipal-transportation-agency_20111019_2337.zip,,SF,http://gtfs.s3.amazonaws.com/san-francisco-municipal-transportation-agency_20111019_2337.zip,gtfs_data_exchange,2011
324,2011.09.09,san-francisco-municipal-transportation-agency_20110910_0449.zip,,SF,http://gtfs.s3.amazonaws.com/san-francisco-municipal-transportation-agency_20110910_0449.zip,gtfs_data_exchange,2011
325,2011.06.30,san-francisco-municipal-transportation-agency_20110701_0236.zip,,SF,http://gtfs.s3.amazonaws.com/san-francisco-municipal-transportation-agency_20110701_0236.zip,gtfs_data_exchange,2011
326,2011.06.13,san-francisco-municipal-transportation-agency_20110614_0242.zip,,SF,http://gtfs.s3.amazonaws.com/san-francisco-municipal-transportation-agency_20110614_0242.zip,gtfs_data_exchange,2011
327,2011.04.19,san-francisco-municipal-transportation-agency_20110420_0243.zip,,SF,http://gtfs.s3.amazonaws.com/san-francisco-municipal-transportation-agency_20110420_0243.zip,gtfs_data_exchange,2011
328,2011.02.11,san-francisco-municipal-transportation-agency_20110212_0341.zip,,SF,http://gtfs.s3.amazonaws.com/san-francisco-municipal-transportation-agency_20110212_0341.zip,gtfs_data_exchange,2011
329,2011.01.22,san-francisco-municipal-transportation-agency_20110122_0855.zip,,SF,http://gtfs.s3.amazonaws.com/san-francisco-municipal-transportation-agency_20110122_0855.zip,gtfs_data_exchange,2011
330,2011.01.04,san-francisco-municipal-transportation-agency_20110104_0839.zip,,SF,http://gtfs.s3.amazonaws.com/san-francisco-municipal-transportation-agency_20110104_0839.zip,gtfs_data_exchange,2011
331,2010.09.07,san-francisco-municipal-transportation-agency_20100908_0243.zip,,SF,http://gtfs.s3.amazonaws.com/san-francisco-municipal-transportation-agency_20100908_0243.zip,gtfs_data_exchange,2010
332,2010.08.11,san-francisco-municipal-transportation-agency_20100812_0223.zip,,SF,http://gtfs.s3.amazonaws.com/san-francisco-municipal-transportation-agency_20100812_0223.zip,gtfs_data_exchange,2010
333,2010.05.17,san-francisco-municipal-transportation-agency_20100518_0211.zip,,SF,http://gtfs.s3.amazonaws.com/san-francisco-municipal-transportation-agency_20100518_0211.zip,gtfs_data_exchange,2010
334,2010.05.07,san-francisco-municipal-transportation-agency_20100508_0214.zip,,SF,http://gtfs.s3.amazonaws.com/san-francisco-municipal-transportation-agency_20100508_0214.zip,gtfs_data_exchange,2010
335,2010.04.14,san-francisco-municipal-transportation-agency_20100415_0222.zip,,SF,http://gtfs.s3.amazonaws.com/san-francisco-municipal-transportation-agency_20100415_0222.zip,gtfs_data_exchange,2010
336,2010.02.03,san-francisco-municipal-transportation-agency_20100204_0313.zip,,SF,http://gtfs.s3.amazonaws.com/san-francisco-municipal-transportation-agency_20100204_0313.zip,gtfs_data_exchange,2010
337,2009.12.17,san-francisco-municipal-transportation-agency_20091218_0316.zip,,SF,http://gtfs.s3.amazonaws.com/san-francisco-municipal-transportation-agency_20091218_0316.zip,gtfs_data_exchange,2009
338,2009.12.05,san-francisco-municipal-transportation-agency_20091206_0405.zip,,SF,http://gtfs.s3.amazonaws.com/san-francisco-municipal-transportation-agency_20091206_0405.zip,gtfs_data_exchange,2009
339,2009.11.24,san-francisco-municipal-transportation-agency_20091125_0358.zip,,SF,http://gtfs.s3.amazonaws.com/san-francisco-municipal-transportation-agency_20091125_0358.zip,gtfs_data_exchange,2009
340,2009.11.05,san-francisco-municipal-transportation-agency_20091106_0310.zip,,SF,http://gtfs.s3.amazonaws.com/san-francisco-municipal-transportation-agency_20091106_0310.zip,gtfs_data_exchange,2009
341,2009.10.21,san-francisco-municipal-transportation-agency_20091022_0215.zip,,SF,http://gtfs.s3.amazonaws.com/san-francisco-municipal-transportation-agency_20091022_0215.zip,gtfs_data_exchange,2009
342,2009.08.17,san-francisco-municipal-transportation-agency_20090818_0210.zip,,SF,http://gtfs.s3.amazonaws.com/san-francisco-municipal-transportation-agency_20090818_0210.zip,gtfs_data_exchange,2009
343,2009.08.05,san-francisco-municipal-transportation-agency_20090806_0208.zip,,SF,http://gtfs.s3.amazonaws.com/san-francisco-municipal-transportation-agency_20090806_0208.zip,gtfs_data_exchange,2009
344,2009.07.01,san-francisco-municipal-transportation-agency_20090702_0217.zip,,SF,http://gtfs.s3.amazonaws.com/san-francisco-municipal-transportation-agency_20090702_0217.zip,gtfs_data_exchange,2009
345,2009.06.12,san-francisco-municipal-transportation-agency_20090613_0214.zip,,SF,http://gtfs.s3.amazonaws.com/san-francisco-municipal-transportation-agency_20090613_0214.zip,gtfs_data_exchange,2009
346,2009.04.01,san-francisco-municipal-transportation-agency_20090402_0310.zip,,SF,http://gtfs.s3.amazonaws.com/san-francisco-municipal-transportation-agency_20090402_0310.zip,gtfs_data_exchange,2009
347,2009.03.31,san-francisco-municipal-transportation-agency_20090401_0353.zip,,SF,http://gtfs.s3.amazonaws.com/san-francisco-municipal-transportation-agency_20090401_0353.zip,gtfs_data_exchange,2009
348,2009.02.24,san-francisco-municipal-transportation-agency_20090225_0527.zip,,SF,http://gtfs.s3.amazonaws.com/san-francisco-municipal-transportation-agency_20090225_0527.zip,gtfs_data_exchange,2009
349,2016.04.03,soltrans_20160404_0115.zip,,ST,http://gtfs.s3.amazonaws.com/soltrans_20160404_0115.zip,gtfs_data_exchange,2016
350,2015.12.17,soltrans_20151217_1055.zip,,ST,http://gtfs.s3.amazonaws.com/soltrans_20151217_1055.zip,gtfs_data_exchange,2015
351,2015.12.16,soltrans_20151216_1716.zip,,ST,http://gtfs.s3.amazonaws.com/soltrans_20151216_1716.zip,gtfs_data_exchange,2015
352,2015.10.05,soltrans_20151006_0158.zip,,ST,http://gtfs.s3.amazonaws.com/soltrans_20151006_0158.zip,gtfs_data_exchange,2015
353,2015.09.30,soltrans_20150930_1401.zip,,ST,http://gtfs.s3.amazonaws.com/soltrans_20150930_1401.zip,gtfs_data_exchange,2015
354,2015.08.24,soltrans_20150825_0141.zip,,ST,http://gtfs.s3.amazonaws.com/soltrans_20150825_0141.zip,gtfs_data_exchange,2015
355,2015.08.18,soltrans_20150819_0105.zip,,ST,http://gtfs.s3.amazonaws.com/soltrans_20150819_0105.zip,gtfs_data_exchange,2015
356,2015.06.25,soltrans_20150626_0343.zip,,ST,http://gtfs.s3.amazonaws.com/soltrans_20150626_0343.zip,gtfs_data_exchange,2015
357,2014.06.19,soltrans_20140619_2208.zip,,ST,http://gtfs.s3.amazonaws.com/soltrans_20140619_2208.zip,gtfs_data_exchange,2014
358,2016.01.21,sonoma-county-transit_20160122_0140.zip,,SO,http://gtfs.s3.amazonaws.com/sonoma-county-transit_20160122_0140.zip,gtfs_data_exchange,2016
359,2016.01.10,sonomacounty-ca-us-archiver_20160110_0911.zip,,SO,http://gtfs.s3.amazonaws.com/sonomacounty-ca-us-archiver_20160110_0911.zip,gtfs_data_exchange,2016
360,2016.01.10,sonomacounty-ca-us-archiver_20160110_0827.zip,,SO,http://gtfs.s3.amazonaws.com/sonomacounty-ca-us-archiver_20160110_0827.zip,gtfs_data_exchange,2016
361,2015.12.17,sonomacounty-ca-us-archiver_20151217_1056.zip,,SO,http://gtfs.s3.amazonaws.com/sonomacounty-ca-us-archiver_20151217_1056.zip,gtfs_data_exchange,2015
362,2015.12.17,sonomacounty-ca-us-archiver_20151217_0800.zip,,SO,http://gtfs.s3.amazonaws.com/sonomacounty-ca-us-archiver_20151217_0800.zip,gtfs_data_exchange,2015
363,2015.12.16,sonomacounty-ca-us-archiver_20151216_1522.zip,,SO,http://gtfs.s3.amazonaws.com/sonomacounty-ca-us-archiver_20151216_1522.zip,gtfs_data_exchange,2015
364,2015.09.30,sonomacounty-ca-us-archiver_20150930_1402.zip,,SO,http://gtfs.s3.amazonaws.com/sonomacounty-ca-us-archiver_20150930_1402.zip,gtfs_data_exchange,2015
365,2015.08.26,sonomacounty-ca-us-archiver_20150827_0138.zip,,SO,http://gtfs.s3.amazonaws.com/sonomacounty-ca-us-archiver_20150827_0138.zip,gtfs_data_exchange,2015
366,2015.08.24,sonomacounty-ca-us-archiver_20150825_0142.zip,,SO,http://gtfs.s3.amazonaws.com/sonomacounty-ca-us-archiver_20150825_0142.zip,gtfs_data_exchange,2015
367,2015.08.19,sonomacounty-ca-us-archiver_20150820_0102.zip,,SO,http://gtfs.s3.amazonaws.com/sonomacounty-ca-us-archiver_20150820_0102.zip,gtfs_data_exchange,2015
368,2015.08.18,sonomacounty-ca-us-archiver_20150819_0106.zip,,SO,http://gtfs.s3.amazonaws.com/sonomacounty-ca-us-archiver_20150819_0106.zip,gtfs_data_exchange,2015
369,2015.08.06,sonomacounty-ca-us-archiver_20150807_0133.zip,,SO,http://gtfs.s3.amazonaws.com/sonomacounty-ca-us-archiver_20150807_0133.zip,gtfs_data_exchange,2015
370,2015.06.25,sonomacounty-ca-us-archiver_20150626_0345.zip,,SO,http://gtfs.s3.amazonaws.com/sonomacounty-ca-us-archiver_20150626_0345.zip,gtfs_data_exchange,2015
371,2015.02.24,sonomacounty-ca-us-archiver_20150225_0137.zip,,SO,http://gtfs.s3.amazonaws.com/sonomacounty-ca-us-archiver_20150225_0137.zip,gtfs_data_exchange,2015
372,2015.02.20,sonomacounty-ca-us-archiver_20150221_0137.zip,,SO,http://gtfs.s3.amazonaws.com/sonomacounty-ca-us-archiver_20150221_0137.zip,gtfs_data_exchange,2015
373,2015.01.17,sonomacounty-ca-us-archiver_20150118_0107.zip,,SO,http://gtfs.s3.amazonaws.com/sonomacounty-ca-us-archiver_20150118_0107.zip,gtfs_data_exchange,2015
374,2014.11.03,sonomacounty-ca-us-archiver_20141104_0105.zip,,SO,http://gtfs.s3.amazonaws.com/sonomacounty-ca-us-archiver_20141104_0105.zip,gtfs_data_exchange,2014
375,2014.10.28,sonomacounty-ca-us-archiver_20141029_0105.zip,,SO,http://gtfs.s3.amazonaws.com/sonomacounty-ca-us-archiver_20141029_0105.zip,gtfs_data_exchange,2014
376,2014.10.23,sonomacounty-ca-us-archiver_20141024_0122.zip,,SO,http://gtfs.s3.amazonaws.com/sonomacounty-ca-us-archiver_20141024_0122.zip,gtfs_data_exchange,2014
377,2014.10.21,sonomacounty-ca-us-archiver_20141022_0128.zip,,SO,http://gtfs.s3.amazonaws.com/sonomacounty-ca-us-archiver_20141022_0128.zip,gtfs_data_exchange,2014
378,2014.10.19,sonomacounty-ca-us-archiver_20141020_0130.zip,,SO,http://gtfs.s3.amazonaws.com/sonomacounty-ca-us-archiver_20141020_0130.zip,gtfs_data_exchange,2014
379,2014.10.17,sonomacounty-ca-us-archiver_20141018_0133.zip,,SO,http://gtfs.s3.amazonaws.com/sonomacounty-ca-us-archiver_20141018_0133.zip,gtfs_data_exchange,2014
380,2014.10.06,sonomacounty-ca-us-archiver_20141007_0108.zip,,SO,http://gtfs.s3.amazonaws.com/sonomacounty-ca-us-archiver_20141007_0108.zip,gtfs_data_exchange,2014
381,2014.06.29,sonomacounty-ca-us-archiver_20140630_0109.zip,,SO,http://gtfs.s3.amazonaws.com/sonomacounty-ca-us-archiver_20140630_0109.zip,gtfs_data_exchange,2014
382,2014.06.27,sonomacounty-ca-us-archiver_20140628_0125.zip,,SO,http://gtfs.s3.amazonaws.com/sonomacounty-ca-us-archiver_20140628_0125.zip,gtfs_data_exchange,2014
383,2014.06.25,sonomacounty-ca-us-archiver_20140626_0112.zip,,SO,http://gtfs.s3.amazonaws.com/sonomacounty-ca-us-archiver_20140626_0112.zip,gtfs_data_exchange,2014
384,2014.06.24,sonomacounty-ca-us-archiver_20140625_0110.zip,,SO,http://gtfs.s3.amazonaws.com/sonomacounty-ca-us-archiver_20140625_0110.zip,gtfs_data_exchange,2014
385,2014.05.09,sonomacounty-ca-us-archiver_20140510_0137.zip,,SO,http://gtfs.s3.amazonaws.com/sonomacounty-ca-us-archiver_20140510_0137.zip,gtfs_data_exchange,2014
386,2014.05.04,sonomacounty-ca-us-archiver_20140504_1754.zip,,SO,http://gtfs.s3.amazonaws.com/sonomacounty-ca-us-archiver_20140504_1754.zip,gtfs_data_exchange,2014
387,2014.03.14,sonomacounty-ca-us-archiver_20140315_0112.zip,,SO,http://gtfs.s3.amazonaws.com/sonomacounty-ca-us-archiver_20140315_0112.zip,gtfs_data_exchange,2014
388,2014.03.11,sonomacounty-ca-us-archiver_20140312_0110.zip,,SO,http://gtfs.s3.amazonaws.com/sonomacounty-ca-us-archiver_20140312_0110.zip,gtfs_data_exchange,2014
389,2014.02.07,sonomacounty-ca-us-archiver_20140208_0110.zip,,SO,http://gtfs.s3.amazonaws.com/sonomacounty-ca-us-archiver_20140208_0110.zip,gtfs_data_exchange,2014
390,2014.02.02,sonomacounty-ca-us-archiver_20140203_0106.zip,,SO,http://gtfs.s3.amazonaws.com/sonomacounty-ca-us-archiver_20140203_0106.zip,gtfs_data_exchange,2014
391,2014.01.31,sonomacounty-ca-us-archiver_20140201_0117.zip,,SO,http://gtfs.s3.amazonaws.com/sonomacounty-ca-us-archiver_20140201_0117.zip,gtfs_data_exchange,2014
392,2013.12.06,sonomacounty-ca-us-archiver_20131207_0132.zip,,SO,http://gtfs.s3.amazonaws.com/sonomacounty-ca-us-archiver_20131207_0132.zip,gtfs_data_exchange,2013
393,2013.12.04,sonomacounty-ca-us-archiver_20131205_0141.zip,,SO,http://gtfs.s3.amazonaws.com/sonomacounty-ca-us-archiver_20131205_0141.zip,gtfs_data_exchange,2013
394,2013.11.27,aaron@trilliumtransit.com_20131128_0004.zip,,SO,http://gtfs.s3.amazonaws.com/aaron@trilliumtransit.com_20131128_0004.zip,gtfs_data_exchange,2013
395,2012.11.30,napa-county_20121130_1137.zip,,VN,http://gtfs.s3.amazonaws.com/napa-county_20121130_1137.zip,gtfs_data_exchange,2012
396,2014.07.29,vta_20140729_2023.zip,,SC,http://gtfs.s3.amazonaws.com/vta_20140729_2023.zip,gtfs_data_exchange,2014
397,2013.11.19,vta_20131119_1836.zip,,SC,http://gtfs.s3.amazonaws.com/vta_20131119_1836.zip,gtfs_data_exchange,2013
398,2013.07.11,vta_20130712_0313.zip,,SC,http://gtfs.s3.amazonaws.com/vta_20130712_0313.zip,gtfs_data_exchange,2013
399,2013.07.01,vta_20130702_0105.zip,,SC,http://gtfs.s3.amazonaws.com/vta_20130702_0105.zip,gtfs_data_exchange,2013
400,2013.03.15,vta_20130316_0310.zip,,SC,http://gtfs.s3.amazonaws.com/vta_20130316_0310.zip,gtfs_data_exchange,2013
401,2013.01.04,vta_20130105_0422.zip,,SC,http://gtfs.s3.amazonaws.com/vta_20130105_0422.zip,gtfs_data_exchange,2013
402,2012.09.27,vta_20120928_0310.zip,,SC,http://gtfs.s3.amazonaws.com/vta_20120928_0310.zip,gtfs_data_exchange,2012
403,2012.06.21,vta_20120622_0325.zip,,SC,http://gtfs.s3.amazonaws.com/vta_20120622_0325.zip,gtfs_data_exchange,2012
404,2012.03.18,vta_20120319_0605.zip,,SC,http://gtfs.s3.amazonaws.com/vta_20120319_0605.zip,gtfs_data_exchange,2012
405,2012.01.06,vta_20120107_0500.zip,,SC,http://gtfs.s3.amazonaws.com/vta_20120107_0500.zip,gtfs_data_exchange,2012
406,2011.09.16,vta_20110917_0249.zip,,SC,http://gtfs.s3.amazonaws.com/vta_20110917_0249.zip,gtfs_data_exchange,2011
407,2011.06.22,vta_20110623_0253.zip,,SC,http://gtfs.s3.amazonaws.com/vta_20110623_0253.zip,gtfs_data_exchange,2011
